プラント名,機械名,測定点名,方向,モード,測定日時,備考
Plant1,1Machine1,Point1,V,A,2018/02/05 18:07:17,ベアリング異常
サンプリング,測定時間,ファイル数,単位,,,
76800,10.000000,93/100 files,m/s²,,,
WV データ
-0.906318
-0.468900
0.344902
0.466973
-0.692695
-1.455635
-0.641833
-0.194241
-0.723213
-1.242012
-1.343737
-0.997871
-0.489245
-0.702868
-1.486152
-1.323392
-0.184069
0.578871
0.182142
-0.896146
-0.387519
1.199395
1.779229
1.006117
0.324557
-0.000963
0.151624
0.283867
-0.529935
-1.425117
-0.621487
0.263522
0.192315
-0.051826
0.395765
1.270602
1.189222
0.884046
1.260430
1.921644
2.603203
3.345798
3.203382
2.257337
2.318373
2.745619
1.575778
-0.072171
-0.418037
0.487318
2.776136
8.971205
18.767347
27.017266
29.692640
30.282647
33.924411
42.174330
49.935967
48.003187
30.496270
2.379408
-24.964342
-47.343900
-67.709297
-85.643460
-96.324612
-97.667386
-88.980049
-70.415189
-49.612373
-34.017890
-19.928942
-2.299954
12.867282
19.428561
21.117201
23.121188
25.287936
27.505547
29.265394
29.967298
30.302992
31.096449
28.482110
20.750990
14.494886
14.657647
16.519219
14.454196
10.171563
8.706719
11.829684
14.596611
12.409518
6.560316
1.351983
1.382500
4.719089
4.668226
-0.021308
-1.140286
4.068047
9.734144
12.704522
15.776624
18.685967
19.448906
18.370619
17.414401
16.122490
13.111423
8.391371
1.097669
-8.250882
-14.690091
-16.460111
-19.796699
-26.052803
-29.582669
-29.745430
-27.395576
-22.685696
-19.694974
-18.362373
-11.180570
0.741631
7.150322
5.695651
3.172865
4.383395
7.913262
8.604994
4.515638
1.555433
3.193210
4.057874
-1.547187
-11.180570
-16.734769
-15.442858
-13.581286
-17.823229
-23.601224
-20.691881
-10.651598
-5.504300
-7.538805
-8.088122
-1.648913
9.642591
15.980075
9.469658
3.447523
13.731947
27.617445
26.783298
18.828382
17.160088
16.254733
13.040215
14.749199
14.372816
1.311292
-7.467598
1.199395
3.915459
-9.939521
-12.889554
-1.150459
-0.631660
-7.009834
-2.106676
0.629733
-6.419827
-4.832913
3.396660
-0.672350
-7.945706
-4.263252
-2.533922
-9.125719
-8.200019
-1.770983
-4.293769
-8.708646
-6.124824
-4.995674
-5.575508
-3.561348
-7.518460
-15.636136
-14.242500
-8.067777
-9.318997
-13.530423
-13.459215
-10.031074
-4.324287
0.029554
-0.519762
-1.811673
3.366143
12.226413
16.275078
13.792982
14.118503
19.581149
22.551527
20.649264
16.153008
10.130873
5.512546
4.129082
1.026462
-3.347724
-4.426012
-3.510485
-4.771878
-7.782946
-10.010729
-10.834704
-10.458320
-9.227445
-9.288480
-9.298652
-4.110664
3.498386
4.098565
2.084404
5.278578
6.682386
3.274590
3.274590
4.220635
1.118014
2.481133
7.903089
4.647881
-3.581693
-4.721015
-3.378242
-7.131904
-10.020902
-8.393297
-8.016914
-10.468493
-10.275215
-6.643623
-6.043444
-8.210192
-6.714831
-3.815661
-5.239814
-5.158434
0.619561
3.671319
1.433363
1.423190
3.030449
1.697848
1.738539
5.248060
6.021172
4.271498
6.692559
11.015882
10.344496
6.560316
4.871677
3.488213
1.138360
0.212660
-0.672350
-2.869616
-3.205309
-1.659085
-1.659085
-2.991686
-2.849271
-1.374254
0.141452
0.823011
1.880954
4.759779
7.109632
7.750501
8.045505
7.882744
7.221530
6.173760
3.254245
-0.702868
-2.554267
-1.954088
-1.781155
-2.696683
-4.314114
-5.890856
-6.470690
-5.789131
-4.853258
-4.812568
-4.782051
-2.991686
-0.377347
0.924736
1.179050
2.247165
3.010104
1.809746
-0.061999
-1.069079
-1.750638
-2.635648
-3.073066
-3.134101
-3.276517
-2.635648
-1.608223
-1.750638
-2.574612
-1.598050
1.484225
3.539076
2.898207
2.704929
3.732354
3.925632
3.488213
3.722181
2.857516
1.240085
2.114922
4.485121
4.769951
3.742526
4.912367
7.201185
7.292738
5.726169
4.607191
4.129082
3.203382
1.474053
-0.936836
-3.184964
-4.354805
-4.893948
-6.084134
-8.138984
-10.163317
-10.193834
-9.217272
-8.667956
-7.447252
-5.626370
-4.029284
-2.360989
-2.391507
-3.836006
-1.994779
-0.143379
-2.584785
-3.205309
-0.499417
0.385593
0.507663
0.019382
-2.167711
-0.458727
2.776136
-0.031481
-3.073066
-0.916491
0.019382
-0.936836
0.690768
3.579766
3.905287
3.183037
3.620456
4.566501
3.610283
2.460788
3.895114
6.092380
8.289645
10.222425
7.221530
4.027357
9.744317
11.992445
2.735446
1.118014
9.734144
8.289645
0.823011
2.857516
7.028252
5.085300
2.633721
1.118014
-2.106676
-4.853258
-4.456530
-3.917386
-6.033271
-5.107571
0.283867
-0.306139
-7.945706
-6.908109
1.006117
0.131279
-6.368965
-5.931546
-2.605130
-1.669258
-0.621487
-0.601142
-5.290677
-8.159329
-3.703763
-0.499417
-5.178779
-9.298652
-7.640530
-5.595853
-5.433092
-5.697578
-7.833808
-8.728991
-5.392402
-3.286689
-4.090319
-3.012031
1.708021
6.967217
8.910169
6.896009
4.851332
5.949964
7.465671
6.428073
3.284763
1.280775
2.776136
5.217542
4.556328
1.860609
-0.519762
-1.547187
0.355075
2.257337
0.823011
-0.051826
4.139255
8.432061
7.170667
4.230807
3.935804
4.240980
3.396660
2.816826
1.535088
0.670423
2.898207
4.668226
1.738539
-0.468900
2.003024
3.508558
0.202487
-3.642728
-2.493232
2.348890
3.701836
-0.407864
-2.106676
-0.590970
-0.652005
-2.544095
-4.731188
-6.979316
-5.453437
-1.282702
-1.598050
-4.639635
-3.907213
-1.160631
-0.550280
-1.374254
-3.591865
-5.453437
-3.703763
-0.835111
-1.303047
-3.673245
-4.100491
-2.106676
0.670423
0.151624
-3.073066
-3.042549
0.599216
3.315280
2.959242
1.372328
1.189222
3.315280
4.088392
1.718194
-0.306139
0.894219
3.935804
5.675306
4.637708
2.745619
2.511651
2.694756
1.514743
-0.133206
-1.018216
-0.601142
0.365248
0.751804
0.080417
0.182142
2.226820
4.057874
3.122002
1.179050
1.067152
2.298027
2.725274
2.796481
2.786309
2.409925
2.440443
2.104749
-1.221667
-4.822741
-3.937731
-1.608223
-2.310127
-4.069974
-3.744453
-2.167711
-1.628568
-2.920478
-4.517565
-4.487047
-3.154446
-1.435290
-0.102689
-0.031481
0.100762
2.155612
3.030449
0.528008
-1.262357
-0.723213
0.039727
0.070244
-0.397692
-0.794420
-0.051826
1.097669
0.792494
0.405938
0.660251
0.843356
1.616468
2.389580
2.053887
2.226820
3.376315
3.010104
0.731458
-1.496325
-2.147366
-1.598050
-1.577705
-1.343737
-0.499417
0.049899
0.700941
1.850436
1.474053
-0.194241
-0.540107
0.253350
0.578871
0.528008
0.497490
0.690768
0.945082
-0.173896
-2.737373
-4.822741
-4.934639
-3.307034
-1.872708
-1.414945
-1.008043
0.456800
2.186130
2.847344
3.162692
3.417005
3.406833
3.447523
3.396660
3.030449
3.152520
3.152520
2.257337
1.290947
0.589043
-0.458727
-0.509590
0.375420
0.375420
0.426283
1.535088
2.308200
2.175957
1.606296
1.555433
2.084404
2.155612
1.880954
2.247165
2.125095
1.443535
1.026462
-0.173896
-2.116849
-2.798408
-2.493232
-2.147366
-1.862536
-2.188056
-2.299954
-1.292874
-0.377347
-0.713040
-1.221667
-0.550280
0.711113
0.782321
-0.763903
-0.641833
0.599216
0.334730
-0.570625
-0.631660
-1.323392
-2.177884
-1.903226
-1.435290
-1.343737
-1.048734
-0.234931
0.324557
0.945082
1.128187
1.006117
0.965427
0.497490
-0.000963
-0.245104
-0.051826
-0.072171
-0.194241
-0.784248
-0.713040
-0.194241
-0.173896
-0.652005
-0.082344
0.629733
0.589043
0.833184
1.290947
1.148532
1.535088
2.196302
1.535088
0.314385
-0.326484
-0.173896
-0.011136
-0.692695
-1.475980
-1.353909
-0.499417
-0.275622
-0.652005
-1.292874
-0.509590
1.351983
2.175957
1.382500
1.036634
1.321465
1.321465
0.802666
-0.407864
-1.150459
-0.438382
-0.000963
-1.058906
-2.116849
-2.544095
-2.015124
-0.997871
-0.936836
-1.577705
-1.069079
0.894219
2.155612
1.880954
0.538180
0.192315
0.914564
0.995944
-0.458727
-1.781155
-1.160631
0.558526
0.965427
-0.652005
-1.170804
0.670423
2.196302
1.555433
0.202487
0.233005
1.697848
2.623548
1.799574
0.568698
0.700941
1.809746
1.677503
0.161797
-1.313219
-0.702868
0.843356
0.833184
-1.679430
-2.839098
-1.079251
0.466973
-0.336657
-1.984606
-1.526842
0.639906
2.013197
1.311292
0.029554
-0.611315
0.344902
1.331638
0.151624
-1.699775
-0.631660
1.362155
1.219740
-0.977526
-2.411852
-1.394599
0.060072
-0.804593
-3.449450
-4.639635
-3.134101
-1.252184
-1.750638
-3.958076
-3.703763
-0.601142
1.657158
0.792494
-1.038561
-0.672350
1.667331
3.417005
3.264417
2.399753
1.657158
1.087497
0.700941
0.009209
-0.885973
0.558526
3.610283
3.620456
1.138360
0.019382
1.392673
2.908379
2.623548
0.304212
-0.753730
1.016289
1.789401
-0.316312
-1.638740
-0.835111
0.344902
1.179050
-0.214586
-3.673245
-4.131009
-0.743558
0.690768
-1.343737
-2.910306
-0.855456
2.277682
2.186130
-0.397692
-2.055814
-1.313219
0.589043
1.901299
0.314385
-1.954088
-1.506497
0.324557
-0.224759
-3.073066
-3.612210
-1.211494
0.700941
0.029554
-0.784248
0.019382
1.738539
3.162692
2.481133
0.843356
0.670423
1.901299
1.596123
-0.306139
-1.984606
-1.242012
1.046807
1.270602
-0.723213
-1.353909
0.060072
0.792494
0.324557
-1.069079
-1.638740
-0.367174
1.402845
0.873874
-1.150459
-1.404772
0.294040
0.873874
-0.885973
-2.625475
-2.320299
-1.130114
-0.652005
-1.414945
-2.432197
-1.913398
0.171970
1.789401
0.873874
-0.570625
0.263522
1.555433
0.843356
-1.160631
-1.954088
-1.099596
0.446628
0.365248
-0.824938
-1.048734
-0.021308
0.273695
-0.316312
-0.784248
0.141452
1.494398
2.236992
1.687676
0.945082
0.934909
1.819919
2.226820
1.138360
-0.428209
-0.580797
0.619561
1.107842
-0.133206
-1.109769
-0.153551
1.026462
0.731458
-0.336657
-1.130114
-0.672350
0.975599
1.708021
0.497490
0.060072
1.087497
1.555433
0.263522
-1.313219
-1.394599
-0.580797
-0.499417
-1.333564
-1.954088
-1.781155
-1.191149
-1.140286
-2.177884
-3.154446
-3.174792
-1.130114
4.363050
13.620049
22.856703
29.479017
36.243747
44.066419
44.035902
26.172946
-6.124824
-39.734850
-64.393053
-76.823880
-74.891100
-57.587633
-31.393379
-10.214180
-1.832018
-2.940823
-10.265042
-24.282783
-41.128486
-52.287747
-50.761868
-37.659655
-19.166002
-0.448555
15.807142
28.095554
33.802341
29.275567
16.854912
6.377210
3.335625
5.878757
12.887627
26.956231
45.236260
59.538832
62.834730
54.350843
36.762546
16.661634
3.498386
1.687676
7.435153
16.671807
26.661227
32.744398
30.669203
20.140638
6.133070
-5.555163
-12.787829
-17.212877
-18.169095
-12.869209
-1.872708
8.523613
11.921237
7.913262
-2.228747
-18.097887
-36.764473
-49.846341
-49.887031
-38.748115
-24.811754
-14.232327
-6.318102
-1.221667
-2.788236
-13.642321
-27.649889
-34.729967
-32.644599
-26.276598
-17.223050
-1.964261
15.715589
25.582940
22.744805
11.137953
-3.225654
-15.615791
-21.770169
-18.982897
-5.392402
14.362643
31.686455
39.946546
39.478610
30.730238
16.865085
9.490003
10.507256
11.738132
18.167168
32.001804
41.472425
46.802829
54.198255
48.684746
24.962416
4.780124
-2.330472
-7.040351
-7.264147
3.661146
14.932305
21.035820
29.234876
26.712090
1.596123
-23.916572
-30.264228
-29.013008
-28.901110
-25.513659
-19.084622
-11.801094
-5.209297
-5.473782
-16.317695
-30.376126
-37.771553
-37.242581
-35.024971
-30.691474
-16.256660
1.687676
10.069837
12.724867
15.827487
9.632419
-5.290677
-13.611803
-12.787829
-7.610013
1.321465
5.960137
5.288750
11.280368
19.326836
13.467461
-0.153551
-4.802396
1.535088
9.927422
15.491794
20.364434
27.942966
35.267184
35.328220
27.698825
17.424574
8.533786
4.942884
5.105645
3.325453
0.975599
2.145440
3.040622
0.568698
-4.242907
-12.513170
-21.058092
-22.634834
-19.135485
-18.230130
-19.522041
-16.795804
-11.078844
-6.725003
-7.223457
-11.994372
-15.025784
-14.161120
-14.161120
-15.910794
-14.120430
-9.095202
-4.832913
-1.821846
-0.214586
-1.130114
-0.814765
1.097669
0.558526
-1.048734
1.148532
5.939792
10.059665
12.155205
11.005710
8.320163
5.990654
4.434258
2.267510
-1.323392
-3.571520
-0.794420
3.945977
5.166680
4.953057
8.899997
14.098158
13.691257
8.493096
5.176852
5.543063
6.926527
6.865492
5.176852
5.095472
8.228610
8.727064
2.623548
-4.954984
-7.711738
-7.345527
-9.115547
-12.401273
-12.736966
-8.047431
-2.727200
-0.957181
-2.544095
-4.507392
-5.880683
-8.067777
-11.607816
-14.832506
-15.982002
-13.133695
-8.108467
-6.725003
-9.329170
-10.417630
-9.217272
-9.207099
-10.153144
-9.786933
-6.887764
-1.282702
4.444430
6.306003
6.306003
9.042412
13.233493
13.579359
9.133965
5.339613
5.980482
8.126885
9.347588
10.283460
11.656751
12.083998
10.171563
7.323255
4.576673
2.501478
2.613376
5.614271
8.442233
8.757582
8.137057
8.635511
9.357761
7.689466
3.671319
-0.265449
-2.350817
-2.625475
-2.574612
-3.357897
-4.507392
-4.171699
-3.205309
-4.253079
-7.060696
-8.596748
-7.833808
-5.768786
-3.937731
-2.605130
-1.618395
-2.127021
-4.364977
-6.928454
-8.149157
-7.833808
-8.433987
-10.814359
-12.126614
-10.448148
-8.688301
-7.498115
-6.633450
-5.656888
-4.588773
-2.767890
-0.397692
1.423190
3.162692
3.467868
2.094577
2.613376
5.960137
5.604098
1.921644
2.664238
6.183932
5.817721
3.305108
4.485121
6.946872
5.359958
4.617363
8.187920
8.818617
5.532891
8.371026
13.406426
10.161390
7.262220
11.483819
10.659844
2.888034
1.148532
3.539076
0.324557
-4.212389
-4.263252
-3.652900
-3.968249
-3.032376
-3.734280
-5.850166
-3.876696
-0.448555
-2.615303
-4.893948
-0.926663
1.748711
-1.689603
-3.866523
-3.042549
-4.598945
-7.559150
-9.044339
-10.326077
-12.319892
-12.625068
-9.227445
-6.134997
-8.484850
-10.397285
-6.206204
-2.411852
-3.317207
-3.113756
-1.587877
-1.740465
-1.465807
-0.621487
-2.849271
-4.242907
-0.784248
2.257337
0.202487
-2.411852
-1.292874
0.751804
1.402845
2.175957
4.993747
7.068942
6.539971
5.929619
6.845147
7.730156
8.106540
8.391371
7.567396
5.614271
5.482028
5.777031
3.345798
0.049899
-0.418037
1.026462
0.802666
-1.160631
-1.872708
-1.079251
-0.112861
0.863701
1.097669
-0.987698
-2.381334
0.589043
3.681491
1.840264
-1.628568
-1.191149
-0.397692
-3.256172
-6.216377
-6.552070
-7.203112
-7.721911
-6.440172
-6.094306
-7.640530
-6.582588
-3.073066
-2.320299
-3.429105
-2.462715
-0.377347
0.171970
1.209567
2.399753
0.405938
-1.404772
0.243177
0.233005
-3.317207
-4.364977
-2.045641
-0.916491
-1.709948
-1.557360
0.314385
2.084404
2.328545
1.758884
1.026462
1.585951
4.179945
4.851332
1.738539
0.263522
2.125095
2.389580
-0.377347
-2.401680
-2.076159
-1.221667
-0.855456
-1.547187
-2.371162
-1.821846
0.599216
2.776136
2.013197
-0.102689
0.680596
3.294935
4.312188
3.905287
2.725274
1.596123
1.616468
1.769056
0.263522
-1.760810
-1.842191
-0.275622
-0.346829
-2.625475
-3.836006
-1.323392
2.257337
2.704929
1.087497
1.555433
3.752699
4.088392
2.481133
0.721286
0.548353
1.484225
1.290947
-0.957181
-2.717028
-1.587877
-0.133206
-1.608223
-4.863431
-5.890856
-3.479967
-1.018216
-1.353909
-3.042549
-2.950996
-0.397692
1.046807
-0.377347
-2.879788
-3.032376
-0.977526
0.009209
-2.218574
-4.649808
-4.253079
-1.699775
-0.295967
-0.885973
-2.625475
-2.483060
0.578871
2.226820
-0.061999
-1.435290
0.823011
2.409925
0.487318
-2.238919
-3.205309
-2.350817
-0.906318
-1.018216
-2.574612
-2.401680
0.711113
2.745619
0.263522
-3.876696
-5.697578
-6.643623
-9.074857
-11.129707
-8.779853
0.263522
12.745212
23.212741
28.065036
28.919528
27.922621
23.762057
14.759372
4.556328
-0.713040
-0.133206
3.122002
6.183932
8.401543
9.846042
9.337416
5.848239
-0.682523
-8.027086
-11.648506
-11.862129
-11.445055
-9.868314
-6.053616
-3.256172
-3.652900
-6.440172
-11.160224
-16.114245
-17.548571
-16.470283
-14.781644
-12.187650
-7.406562
-1.587877
2.023369
1.799574
-1.333564
-4.517565
-5.717923
-5.901029
-6.836901
-7.803291
-6.145169
-1.954088
0.487318
-0.672350
-3.093411
-3.347724
-2.411852
-1.893053
-1.455635
-0.224759
3.417005
8.137057
10.710707
10.334323
9.479831
9.459486
9.398451
8.828789
7.618259
7.018080
7.648776
8.228610
7.353773
4.566501
1.107842
-0.957181
-1.465807
-0.977526
-0.468900
-0.682523
0.039727
3.467868
5.797376
3.945977
0.029554
-1.964261
-1.262357
-0.173896
-0.489245
-1.770983
-1.903226
-0.255277
0.528008
-2.015124
-5.656888
-7.020006
-6.857246
-7.447252
-7.925361
-6.725003
-4.395495
-1.374254
0.009209
-0.845283
-1.903226
-2.523750
-4.517565
-6.938626
-6.969144
-4.904121
-3.012031
-2.391507
-1.272529
0.009209
-0.499417
-2.523750
-4.283597
-5.534818
-5.656888
-4.385322
-3.195137
-1.974433
0.131279
2.776136
3.620456
2.735446
0.965427
-1.404772
-2.950996
-2.544095
-2.147366
-3.337552
-3.022204
-0.082344
2.491305
2.450615
1.494398
0.578871
0.314385
1.311292
2.531996
3.183037
4.454603
6.275485
6.580661
6.021172
5.787204
3.233900
-1.801501
-2.513577
-0.641833
-3.144274
-3.174792
2.084404
3.905287
2.531996
4.261325
4.617363
1.026462
-1.069079
-0.377347
0.100762
-0.529935
1.118014
4.820814
4.078220
-0.489245
-1.374254
-1.770983
-6.409655
-8.047431
-5.768786
-4.568428
0.721286
5.003919
-5.636543
-12.228340
1.453708
4.495293
-10.590563
-8.423815
-0.397692
-13.347318
-17.457018
1.697848
9.133965
-2.310127
-6.470690
-0.784248
2.053887
0.680596
-1.801501
-3.703763
-2.869616
2.023369
6.712904
2.501478
-5.199124
-0.021308
10.639499
5.420993
-6.572415
-4.934639
2.074232
3.417005
3.783216
3.691664
1.362155
4.769951
12.094170
10.975192
3.233900
-0.255277
0.945082
2.959242
4.749606
4.220635
1.260430
1.524916
4.352878
3.884942
0.355075
-1.679430
-1.353909
0.314385
0.151624
-2.167711
-2.065986
0.833184
2.430270
2.389580
0.233005
-4.212389
-4.415840
0.253350
0.070244
-4.812568
-5.524645
-2.320299
-0.713040
-1.374254
-3.612210
-4.751533
-2.645820
0.355075
1.331638
-0.580797
-3.703763
-2.513577
2.328545
1.901299
-2.920478
-1.943916
1.972507
-0.255277
-3.846178
-1.384427
0.945082
-1.130114
-1.567532
1.728366
3.447523
3.620456
4.240980
3.467868
1.402845
1.484225
3.976494
4.434258
0.599216
-1.272529
3.579766
7.394463
3.762871
-0.357002
0.639906
2.735446
2.826999
1.524916
-1.496325
-2.706855
0.792494
4.332533
3.254245
-0.051826
-2.157539
-0.936836
1.524916
-0.021308
-4.507392
-3.612210
2.348890
3.264417
-2.676338
-5.941719
-1.720120
1.708021
0.233005
-1.608223
-2.452542
-3.520657
-0.611315
3.935804
1.728366
-1.099596
10.110527
41.279147
82.864434
108.722995
95.702162
59.152276
38.023939
33.008884
-10.641426
-121.420234
-226.614326
-221.690823
-121.969551
-46.479235
-50.527900
-64.443916
-15.941312
57.077080
68.175306
8.116712
-39.226224
-17.467191
28.288832
39.102227
28.187106
43.466240
86.953789
107.899020
75.713148
23.039808
-0.153551
4.688571
2.043714
-11.556953
-7.925361
23.863783
56.771904
61.451266
39.814304
13.833672
-8.037259
-25.472969
-31.057685
-22.899320
-9.512275
6.997735
22.337904
22.541354
9.266208
1.575778
0.263522
-5.494127
-10.122627
-3.632555
9.713799
19.052178
18.767347
8.889824
-3.062894
-11.994372
-27.120918
-56.916247
-83.873441
-80.292711
-49.032539
-23.763984
-22.248278
-22.787422
-5.107571
13.670912
10.883639
-4.090319
-8.454333
7.414808
32.327324
45.205742
40.261895
35.684258
39.844821
36.233574
14.911960
-10.265042
-22.207588
-20.630846
-16.093900
-14.710436
-10.244697
3.142347
14.566094
11.066745
-2.493232
-11.974027
-13.062487
-10.204007
-6.633450
1.056979
17.200778
35.307874
40.984144
31.584730
18.614759
10.283460
4.983574
-3.103584
-12.848864
-14.730781
-4.893948
5.237888
4.393568
-2.696683
-5.382230
-6.175687
-13.774564
-26.805570
-35.035143
-31.515449
-18.708239
-5.392402
2.511651
7.150322
8.940687
3.284763
-8.311917
-17.223050
-18.494616
-15.544583
-14.486640
-13.927152
-8.098294
2.165785
9.327243
10.100355
5.939792
-1.069079
-8.800198
-13.235420
-11.750231
-6.236722
-1.832018
0.009209
2.369235
4.424085
2.593031
-2.086331
-4.314114
-1.160631
4.108737
9.357761
15.786797
24.311374
31.869561
34.911146
32.785088
27.902276
22.632907
15.349378
4.698744
-3.012031
-3.042549
-0.407864
-1.760810
-7.142077
-13.235420
-18.047025
-22.431383
-27.934720
-31.108548
-27.283678
-19.288073
-13.947497
-10.753323
-5.890856
-1.262357
0.629733
-0.987698
-5.748441
-10.041247
-9.970039
-6.328275
-2.422025
0.477145
3.040622
5.471856
4.546156
-1.475980
-9.512275
-14.679918
-15.890449
-13.438870
-9.685208
-5.768786
-1.455635
2.643893
3.701836
1.382500
-0.967353
-0.346829
1.494398
0.884046
0.222832
4.200290
10.415703
13.131768
12.073825
10.191908
8.584649
6.356865
2.542168
0.192315
3.020277
9.032240
12.470554
11.585544
8.859307
6.458591
2.837171
-3.337552
-9.817451
-12.543688
-11.119534
-7.813463
-4.232734
-2.198229
-2.106676
-1.770983
-0.163724
0.344902
-1.618395
-4.436185
-4.405667
0.639906
8.014987
11.158298
8.452406
5.248060
5.268405
4.983574
0.497490
-5.473782
-8.108467
-7.681221
-7.457425
-7.447252
-6.165514
-4.171699
-2.177884
-1.455635
-1.791328
-0.662178
2.521823
5.359958
6.061862
5.899102
6.601006
7.811537
7.679294
6.021172
4.617363
3.854424
3.528903
3.813734
3.437350
2.003024
1.311292
1.606296
2.125095
2.053887
1.769056
2.247165
3.874769
4.271498
2.531996
1.087497
0.833184
0.456800
-2.259264
-5.677233
-6.358792
-3.642728
-0.733385
-0.448555
-1.384427
0.049899
3.589938
5.482028
4.576673
3.264417
2.918552
3.091485
2.074232
-1.058906
-4.670153
-6.958971
-7.742256
-8.210192
-9.603828
-10.997464
-9.888659
-6.867418
-4.792223
-4.222562
-3.958076
-2.381334
0.945082
3.793389
3.193210
2.664238
5.899102
9.306898
7.750501
4.139255
3.518731
4.830986
5.878757
5.258233
2.328545
1.504570
5.207370
7.669121
5.807549
4.383395
6.021172
9.133965
10.629326
7.882744
4.037529
3.620456
5.319268
4.495293
0.436455
-3.561348
-4.171699
-1.292874
0.060072
-2.340644
-3.632555
0.426283
5.492201
5.492201
2.348890
0.934909
1.952162
2.826999
1.626641
-0.692695
-1.679430
-1.943916
-4.639635
-7.559150
-7.559150
-6.643623
-6.399482
-7.172594
-9.369860
-10.122627
-6.399482
-1.587877
0.110934
-0.214586
0.792494
2.908379
4.088392
3.508558
2.867689
2.816826
2.694756
1.738539
-0.092516
-2.655993
-4.131009
-3.022204
-1.333564
-2.025296
-3.337552
-2.238919
0.222832
0.650078
0.436455
2.155612
5.624444
8.177748
8.493096
6.438246
5.309095
7.007907
9.225518
8.604994
5.492201
3.895114
4.454603
3.762871
1.087497
-0.692695
-0.346829
0.578871
0.385593
-1.018216
-1.933743
-0.611315
1.443535
1.708021
-0.509590
-2.249092
-0.987698
1.229912
0.751804
-1.994779
-2.961168
-1.323392
-0.285794
-1.018216
-2.879788
-3.927558
-2.584785
-0.387519
-0.448555
-1.994779
-1.058906
2.420098
4.444430
2.857516
0.660251
1.870781
5.034437
4.454603
1.260430
-0.173896
-0.204414
-1.119941
-2.238919
-2.991686
-3.510485
-2.757718
-0.672350
1.260430
3.101657
4.902194
6.336520
6.743421
6.601006
6.163587
4.352878
2.226820
1.779229
1.097669
-1.303047
-2.737373
-2.289782
-2.289782
-2.859443
-2.828926
-2.910306
-2.513577
-0.814765
1.311292
2.959242
4.810641
6.611179
5.929619
3.325453
1.626641
1.697848
1.646986
-0.387519
-2.849271
-3.164619
-2.930651
-3.886868
-4.873603
-5.148262
-5.056709
-4.120836
-2.513577
-1.669258
-0.285794
2.226820
4.942884
5.654961
3.233900
1.118014
1.423190
-1.089424
-6.104479
-5.534818
-4.181872
-7.905016
-7.986396
-1.638740
0.324557
-5.494127
-9.339342
-1.984606
4.302015
-2.503405
-5.646715
1.718194
-0.031481
-4.110664
3.895114
4.780124
-6.368965
-6.735176
-2.045641
-7.081042
-10.956774
-8.291572
-5.972236
-2.513577
1.006117
0.171970
-0.275622
2.684583
5.909274
7.842054
5.227715
1.362155
4.352878
7.211358
3.233900
0.650078
1.199395
-0.316312
-2.340644
-2.462715
-1.465807
0.578871
1.087497
0.263522
2.786309
5.227715
2.918552
0.243177
1.453708
4.088392
4.159600
1.270602
-0.061999
3.793389
7.333428
4.617363
-1.760810
-4.517565
-1.170804
1.168877
-2.086331
-5.321195
-3.998766
-0.652005
2.186130
0.456800
-5.402575
-6.206204
-1.903226
-2.035469
-4.904121
-3.917386
-2.655993
-3.591865
-3.266344
-1.954088
-2.727200
-5.931546
-8.057604
-5.829821
-3.266344
-5.127917
-6.236722
-1.832018
2.481133
2.247165
1.504570
1.789401
2.298027
4.302015
5.532891
2.918552
0.843356
2.786309
3.905287
0.670423
-2.411852
-1.547187
0.141452
1.219740
6.672214
21.096856
39.641371
52.265475
57.565361
57.321221
44.768324
10.842949
-36.703437
-80.862373
-108.063708
-109.386136
-83.232571
-46.408027
-16.856839
3.071139
15.400241
17.119398
8.564304
-3.958076
-11.811266
-7.691393
4.424085
15.695244
26.345879
35.246839
37.006686
28.655042
11.514336
-8.495023
-19.043932
-16.928047
-10.661771
-4.283597
5.990654
19.774427
28.248141
22.571872
6.580661
-7.396390
-11.841784
-7.233629
3.274590
13.457289
22.083591
29.184014
28.695733
17.872165
5.105645
-2.696683
-2.218574
6.672214
17.556817
25.267591
30.445407
30.852308
23.467054
9.713799
-5.717923
-16.978909
-23.296048
-26.815742
-25.788317
-18.270820
-9.532620
-6.491035
-10.112454
-17.273913
-23.418118
-25.066068
-21.698961
-13.805081
-2.798408
7.384291
14.800062
17.750095
15.583346
9.856214
1.321465
-7.742256
-12.482653
-10.499010
-5.453437
-1.333564
-0.377347
-1.099596
-2.940823
-6.633450
-10.966946
-11.211087
-7.610013
-4.293769
0.324557
7.699639
13.223320
14.983167
16.448011
19.448906
21.747897
21.920830
20.883233
20.110121
19.937188
19.723565
18.167168
13.996432
8.452406
4.810641
1.952162
-3.113756
-6.958971
-7.284492
-7.813463
-10.366767
-13.082832
-15.646308
-16.551663
-13.276110
-7.325182
-2.554267
-0.794420
-0.479072
-1.364082
-3.724108
-7.131904
-10.020902
-11.882474
-11.221260
-7.884671
-4.242907
-1.923571
-0.285794
1.229912
0.141452
-4.832913
-10.315905
-11.862129
-10.183662
-8.444160
-5.982409
-3.062894
-2.127021
-3.612210
-5.880683
-8.006741
-7.966051
-3.632555
3.722181
11.911065
18.960625
22.836358
24.575860
24.962416
22.022555
15.410414
9.947767
8.381198
9.225518
9.917249
8.950860
7.099460
5.522718
1.748711
-5.361885
-12.096097
-14.781644
-13.662666
-9.522448
-4.069974
-0.051826
2.338718
3.417005
0.924736
-4.629463
-9.847969
-12.096097
-10.458320
-6.165514
-2.493232
0.314385
3.559421
4.271498
-0.641833
-7.142077
-10.916084
-13.499905
-15.025784
-12.330065
-6.084134
-0.885973
0.863701
0.324557
-2.554267
-6.460517
-9.695381
-11.882474
-12.289375
-10.580390
-6.206204
0.792494
5.705824
5.838067
4.118910
2.877861
0.609388
-0.580797
1.270602
4.881849
9.103447
14.179538
17.221123
16.061455
11.778822
7.374118
3.661146
0.253350
-2.350817
-1.292874
2.135267
4.129082
3.793389
2.867689
1.575778
-1.150459
-4.324287
-6.073961
-5.911201
-3.123929
1.453708
4.973402
5.970309
5.553236
3.813734
0.751804
-2.015124
-3.520657
-3.368070
-1.750638
0.070244
1.250257
1.290947
0.060072
-1.445462
-3.785143
-6.674140
-8.047431
-6.307930
-2.717028
0.182142
1.524916
1.840264
1.474053
0.283867
-2.188056
-4.415840
-4.385322
-1.679430
1.687676
3.111830
3.020277
3.040622
2.786309
0.863701
-2.228747
-4.293769
-3.449450
-0.702868
2.165785
3.935804
4.454603
4.658054
3.712009
0.283867
-4.242907
-6.257067
-4.537910
-1.791328
0.395765
2.338718
4.759779
5.970309
5.248060
2.542168
-0.977526
-2.137194
0.222832
2.074232
1.504570
2.064059
4.454603
4.495293
0.385593
-4.741361
-7.874499
-7.864326
-6.430000
-5.392402
-4.537910
-2.411852
0.863701
2.196302
-0.143379
-3.286689
-3.500312
-2.015124
-1.353909
-0.794420
0.639906
2.786309
4.769951
4.871677
1.616468
-2.116849
-3.103584
-1.699775
-0.652005
0.060072
1.819919
4.485121
5.115817
2.837171
1.311292
2.013197
2.562513
1.779229
0.049899
-0.845283
1.626641
4.729261
3.427178
-1.608223
-5.260159
-3.683418
0.385593
-0.357002
-5.300849
-2.981514
5.370130
6.896009
3.132175
2.308200
1.738539
0.863701
2.450615
1.351983
-3.927558
-4.446357
0.060072
1.901299
0.090589
-2.991686
-5.606025
-4.761706
-1.862536
-3.693590
-8.739163
-6.989489
0.782321
4.464776
2.684583
0.873874
0.609388
0.985772
1.402845
-0.448555
-3.307034
-2.401680
1.555433
2.460788
-2.289782
-6.887764
-5.962064
-3.713935
-5.077054
-6.277412
-3.734280
-1.119941
-0.214586
0.863701
2.033542
2.267510
3.040622
3.884942
2.348890
0.344902
1.311292
3.579766
3.518731
0.497490
-1.893053
-0.662178
1.168877
-0.794420
-3.541002
-1.984606
1.026462
2.420098
2.298027
1.250257
1.240085
3.589938
4.068047
1.199395
-0.306139
1.545261
3.254245
1.911471
0.070244
0.029554
0.884046
0.599216
-0.723213
-2.432197
-3.978421
-2.869616
-0.061999
0.202487
-1.598050
-0.550280
1.728366
0.548353
-2.401680
-3.459622
-3.256172
-3.103584
-1.760810
-0.835111
-2.493232
-3.673245
-1.109769
1.290947
0.141452
-2.004951
-0.346829
2.888034
3.762871
3.071139
1.982679
0.741631
1.056979
2.786309
2.409925
0.029554
-0.794420
0.039727
-0.448555
-1.923571
-1.903226
-0.316312
0.375420
-0.021308
0.171970
0.690768
1.189222
2.460788
3.244072
2.918552
2.572686
2.959242
3.305108
3.467868
3.030449
2.175957
1.402845
1.260430
1.006117
-0.143379
-1.272529
-0.936836
-0.580797
-1.679430
-2.727200
-1.923571
-0.641833
-0.418037
-1.058906
-1.201321
-0.448555
0.090589
-0.357002
-0.926663
-1.394599
-1.496325
-1.272529
-1.720120
-2.808581
-3.103584
-2.635648
0.263522
10.375013
28.482110
46.589206
56.497246
60.901950
58.460544
35.480807
-16.439765
-80.119779
-123.800605
-125.885973
-98.013252
-68.380683
-42.786608
-8.159329
25.664320
31.299899
6.651869
-20.874987
-28.168688
-15.330960
2.216647
18.319756
37.851006
57.107598
61.705580
48.064222
25.176039
0.843356
-20.000150
-29.480944
-19.878079
6.387383
34.249932
50.098727
53.140313
46.426445
30.119886
2.470960
-27.578681
-35.859118
-14.028877
14.159193
32.764743
45.683851
48.288018
32.378187
4.993747
-22.736559
-40.548652
-36.377917
-10.814359
17.689059
34.209242
40.485690
40.984144
27.566582
-2.452542
-32.176663
-50.487210
-59.306790
-53.854316
-33.254951
-14.852851
-6.847073
-4.466702
-11.506090
-28.972318
-42.003323
-41.525215
-29.053698
-8.149157
14.026950
30.577650
38.959811
37.505140
26.244154
9.306898
-5.839993
-11.506090
-9.115547
-5.138089
1.931817
12.796074
17.099053
9.815524
-3.286689
-15.615791
-21.770169
-19.440661
-10.509183
2.542168
17.689059
29.255221
31.635593
23.792575
11.880547
2.389580
-4.131009
-5.473782
2.949069
15.176445
21.320651
20.476332
16.112318
7.302910
-6.236722
-19.349108
-24.150540
-18.759101
-9.929349
-2.706855
3.813734
7.496188
3.712009
-6.297757
-16.124417
-21.037747
-20.854642
-15.880277
-7.111559
3.335625
12.836764
16.539564
10.130873
-3.012031
-13.652493
-17.324775
-15.971829
-10.539700
-0.285794
11.778822
18.797865
17.607679
10.731052
0.456800
-11.699368
-21.149645
-23.957262
-21.342923
-14.547676
-3.683418
5.298923
6.590833
3.579766
0.426283
-2.371162
-2.564440
1.138360
6.356865
12.755384
21.229098
27.454684
26.966403
19.306491
7.536878
-2.360989
-7.996569
-12.218167
-14.100084
-9.878486
-0.987698
4.129082
0.385593
-5.748441
-7.467598
-8.769681
-12.726793
-12.523343
-5.504300
2.114922
6.824802
8.747409
7.404636
3.803561
-0.051826
-4.395495
-8.362780
-9.868314
-7.996569
-3.663073
0.660251
2.765964
2.643893
0.660251
-3.754626
-8.891751
-11.241605
-10.000556
-6.267239
-1.903226
0.731458
-0.214586
-2.330472
-2.757718
-3.429105
-6.368965
-8.413642
-5.443265
1.280775
5.217542
4.251152
3.162692
4.312188
5.024264
3.386488
1.168877
0.843356
3.427178
6.916354
7.730156
5.960137
3.569593
0.894219
-2.940823
-8.250882
-12.879381
-13.286282
-7.945706
-0.672350
2.715101
1.138360
-0.947008
-0.367174
0.161797
-1.160631
-2.411852
-1.547187
3.396660
10.018975
11.951755
9.072930
5.797376
4.027357
1.046807
-4.609118
-8.952786
-7.315010
-1.791328
1.941989
2.613376
2.613376
1.901299
-1.028389
-5.260159
-8.047431
-7.742256
-4.344632
0.294040
4.190117
6.875664
9.001722
9.062757
5.156507
-0.204414
-3.703763
-4.914293
-4.324287
-1.791328
1.718194
4.434258
6.143242
6.234795
3.366143
-1.750638
-4.843086
-3.713935
-0.540107
1.270602
1.840264
4.047702
6.875664
6.438246
1.840264
-3.134101
-5.585680
-4.385322
-2.371162
-1.943916
-0.835111
2.979587
5.878757
5.319268
3.172865
0.487318
-0.692695
-0.143379
0.497490
-0.316312
-1.730293
-2.442370
-3.408760
-5.016019
-7.599840
-9.339342
-9.298652
-8.016914
-6.562243
-5.026191
-3.286689
-0.936836
1.138360
1.667331
0.151624
-1.689603
-1.282702
1.168877
2.877861
3.101657
3.345798
3.874769
3.050794
0.456800
-2.289782
-2.554267
-0.316312
2.196302
3.366143
4.078220
5.573581
6.458591
5.909274
4.719089
4.373223
4.739434
5.400648
5.654961
5.095472
4.535983
4.220635
3.274590
1.168877
-2.289782
-5.992581
-7.843981
-9.034167
-10.305732
-11.302640
-10.427803
-7.040351
-2.015124
3.213555
9.052585
15.217136
18.736830
17.760267
13.101250
6.417901
0.578871
-2.452542
-4.029284
-4.497220
-4.181872
-1.557360
1.616468
1.789401
-2.869616
-8.291572
-11.587471
-13.398180
-14.100084
-13.499905
-11.119534
-6.989489
-0.845283
6.773939
12.287448
11.961927
6.621351
0.060072
-4.476875
-5.453437
-3.479967
-0.072171
4.434258
9.764662
13.365736
12.999525
9.195000
4.688571
0.405938
-3.490140
-5.880683
-4.904121
-0.926663
3.844251
6.387383
5.461683
1.982679
-3.429105
-9.156237
-12.604723
-14.110257
-13.204902
-8.098294
-0.153551
5.726169
8.076022
7.597914
5.624444
4.261325
2.826999
0.965427
0.589043
2.572686
5.909274
8.645684
8.554131
5.197197
2.003024
-0.143379
-2.279609
-3.113756
-1.638740
0.680596
3.793389
6.265313
6.173760
4.535983
3.630628
1.809746
-1.659085
-3.602038
-2.564440
0.426283
3.915459
5.756686
4.983574
2.684583
-0.041654
-2.371162
-4.700670
-7.579495
-7.111559
-1.058906
5.298923
6.458591
5.634616
5.665134
3.701836
-0.387519
-4.832913
-8.637438
-8.596748
-3.205309
1.433363
1.209567
0.599216
2.369235
2.694756
-0.133206
-3.337552
-5.199124
-4.476875
-1.364082
1.708021
2.776136
3.528903
4.871677
5.339613
3.050794
-1.994779
-5.066881
-3.927558
-2.086331
-1.547187
-0.611315
1.463880
3.986667
5.288750
3.366143
0.141452
-0.387519
1.758884
2.196302
1.189222
3.223727
7.943779
10.354668
7.658949
2.409925
-0.824938
-1.333564
-2.289782
-4.558255
-5.056709
-2.625475
0.721286
2.440443
0.426283
-2.269437
-1.781155
-0.621487
-2.818753
-5.707751
-5.544990
-3.174792
-0.652005
0.650078
-0.519762
-2.493232
-2.544095
-1.750638
-3.937731
-7.487943
-7.782946
-3.449450
0.985772
1.463880
-0.845283
-1.079251
1.077324
0.975599
-1.852363
-4.019111
-3.652900
-1.089424
1.046807
0.049899
-1.109769
0.792494
2.684583
1.474053
-1.008043
-2.320299
-0.519762
2.684583
3.783216
3.335625
4.546156
6.865492
6.926527
4.871677
2.175957
0.365248
0.070244
0.761976
0.456800
-0.855456
0.273695
3.111830
3.091485
-0.011136
-2.584785
-2.615303
-1.404772
-1.557360
-3.154446
-3.123929
-0.387519
2.236992
2.216647
-0.672350
-2.696683
-1.811673
-1.099596
-3.693590
-6.796211
-6.216377
-2.645820
-0.061999
0.212660
-0.306139
-0.021308
0.324557
-0.662178
-3.327379
-5.138089
-4.049629
-1.252184
0.416110
0.304212
0.599216
1.962334
3.213555
3.203382
1.931817
0.151624
-0.194241
1.372328
2.033542
1.036634
1.046807
3.081312
3.610283
1.372328
-1.801501
-4.008939
-4.344632
-3.042549
-2.218574
-1.720120
0.009209
2.562513
3.823906
2.979587
1.575778
1.270602
1.799574
1.535088
-0.397692
-2.432197
-2.086331
-0.326484
-0.000963
-1.252184
-2.289782
-2.228747
-1.303047
-1.048734
-1.720120
-2.025296
-1.099596
0.772149
1.738539
0.731458
-0.316312
-0.387519
-0.601142
-1.516670
-2.228747
-1.882881
-0.814765
0.436455
0.995944
1.046807
1.840264
3.122002
3.712009
3.203382
2.460788
2.765964
3.071139
2.145440
1.179050
0.436455
0.375420
0.792494
0.833184
4.393568
17.678887
35.134942
41.930189
33.985446
24.799655
23.751885
15.278171
-21.007230
-71.086575
-94.747871
-74.158678
-35.177558
-16.572008
-19.684801
-13.876289
11.127780
25.837253
7.191013
-23.611396
-31.983385
-15.137682
2.298027
5.146335
4.597018
15.247653
30.974378
32.947848
14.016777
-8.708646
-15.483548
-9.288480
-3.825833
1.453708
16.641289
46.680759
87.523451
117.949476
109.435072
65.459242
28.736423
21.910658
3.467868
-67.841540
-148.123115
-150.564521
-71.808825
-3.856351
-4.659980
-27.222643
-7.660876
35.379082
45.348158
7.709811
-32.990465
-26.886950
12.562106
26.142429
8.360853
8.391371
27.241061
27.434339
8.421888
-17.406155
-42.196601
-40.762275
-14.751126
-1.496325
0.273695
18.899590
40.282240
33.334404
4.607191
-18.555651
-24.099678
-20.986885
-16.287178
-5.667060
11.249850
26.895195
38.705498
36.396335
10.039320
-17.914782
-16.419420
4.973402
20.598402
28.187106
36.813408
45.734714
49.773207
45.449883
30.058851
8.035332
-8.932441
-18.362373
-27.181953
-31.037340
-17.813056
4.739434
14.820407
9.011895
0.843356
-4.446357
-13.011624
-23.763984
-25.076240
-12.055407
6.153415
16.936292
13.467461
2.582858
-0.916491
0.283867
-10.173489
-26.805570
-30.040433
-21.882067
-18.382718
-21.383613
-22.065172
-17.131497
-13.560941
-18.209785
-25.055895
-24.801582
-17.772366
-9.054512
0.487318
10.415703
20.517022
30.374199
33.456475
26.946058
20.730645
22.083591
22.856703
20.873060
19.204766
13.487806
7.709811
8.126885
3.925632
-7.518460
-16.836494
-20.264635
-13.174385
-3.408760
-7.172594
-14.995267
-11.780749
-4.568428
-1.821846
-4.456530
-7.437080
-2.757718
-0.234931
-8.077949
-9.115547
0.405938
1.413018
-5.005846
-7.905016
-8.342435
-1.791328
9.123792
10.029147
7.669121
10.517429
7.821709
2.816826
2.094577
-5.402575
-17.609606
-21.241198
-17.985989
-12.024889
-7.335355
-7.294665
-4.314114
1.667331
0.924736
-0.662178
3.528903
8.503268
15.735934
24.901380
25.013278
20.781507
22.571872
21.218926
10.629326
1.229912
-1.069079
-2.940823
-8.138984
-12.116442
-9.929349
-7.660876
-12.035062
-19.461006
-23.133288
-19.613594
-13.154040
-11.679023
-11.302640
-4.761706
2.125095
5.919447
9.011895
6.804457
1.209567
1.260430
3.864596
2.898207
1.423190
3.030449
6.285658
9.154310
7.791192
2.125095
-3.337552
-7.477770
-9.634346
-9.125719
-9.054512
-7.894844
-1.598050
2.318373
-2.137194
-7.131904
-7.192939
-7.386217
-7.843981
-5.504300
-2.574612
0.395765
5.319268
8.798272
8.503268
8.737236
11.575371
11.443128
8.757582
9.174655
10.568291
10.232598
10.395358
10.436048
8.014987
3.437350
-3.245999
-8.779853
-8.495023
-5.524645
-4.364977
-4.680325
-6.043444
-7.762601
-7.691393
-5.748441
-2.889961
0.090589
0.456800
-0.245104
3.732354
8.961032
7.831882
4.068047
2.888034
2.918552
2.796481
0.436455
-4.619290
-7.945706
-6.796211
-5.188952
-5.046536
-4.954984
-6.084134
-7.691393
-6.979316
-3.266344
1.880954
5.756686
6.336520
5.817721
5.370130
2.328545
-1.384427
-2.228747
-1.526842
-0.987698
-0.479072
-0.723213
-0.041654
2.155612
1.952162
-0.580797
-0.916491
0.884046
1.819919
1.606296
1.494398
2.684583
4.383395
3.986667
2.145440
0.558526
-0.438382
-2.096504
-4.354805
-4.802396
-1.770983
2.135267
4.729261
6.631524
7.719984
7.750501
8.269300
8.910169
7.923434
5.451511
3.152520
2.399753
2.440443
-0.031481
-5.168607
-7.843981
-7.660876
-7.966051
-10.122627
-11.841784
-11.424710
-7.762601
-3.836006
-2.472887
-1.262357
1.616468
3.610283
3.081312
1.413018
0.263522
0.904391
2.023369
1.413018
-0.072171
-0.672350
-1.567532
-3.042549
-3.490140
-2.981514
-2.849271
-2.808581
-2.635648
-1.353909
-0.275622
-0.326484
-0.082344
0.385593
-0.173896
-0.133206
0.833184
-0.123034
-2.574612
-3.530830
-2.137194
0.131279
1.179050
0.558526
0.171970
2.267510
6.061862
8.014987
7.964124
8.045505
9.093275
8.818617
6.285658
4.057874
3.671319
3.193210
1.158705
-1.638740
-3.418932
-3.378242
-2.513577
-3.052721
-3.632555
-2.238919
-0.814765
-0.906318
-0.784248
0.456800
1.514743
1.870781
0.182142
-3.418932
-6.236722
-8.779853
-14.751126
-24.211575
-32.512357
-34.902900
-31.678209
-28.921455
-25.116930
-10.468493
16.610772
43.506930
57.514499
58.084160
52.804619
43.476413
25.877943
4.658054
-8.474678
-8.108467
-0.855456
3.966322
5.654961
9.795179
15.186618
12.999525
1.229912
-13.133695
-22.197415
-21.383613
-13.591458
-6.908109
-4.558255
-2.655993
1.209567
3.366143
-0.967353
-11.434883
-21.312405
-23.845364
-17.029772
-4.761706
4.546156
8.889824
11.921237
16.275078
16.458184
9.459486
0.324557
-5.972236
-8.800198
-7.528633
-4.253079
-3.632555
-5.016019
-3.693590
-0.824938
-2.350817
-9.207099
-14.384915
-12.187650
-5.504300
-0.865628
1.982679
7.984470
15.644382
17.038018
9.957940
3.050794
2.867689
5.349785
3.864596
0.355075
0.934909
4.780124
5.105645
0.375420
-3.541002
-1.913398
1.118014
0.304212
-2.259264
-1.648913
2.715101
5.237888
3.569593
1.677503
2.999932
5.248060
4.444430
1.067152
-0.845283
1.819919
7.750501
11.646579
8.533786
2.562513
1.535088
0.202487
-8.423815
-16.409248
-17.233223
-14.954577
-12.991279
-11.740058
-12.472480
-13.438870
-11.282295
-9.502103
-12.065579
-13.876289
-8.962959
-2.594958
-1.272529
-0.204414
4.485121
7.567396
4.566501
-1.170804
-6.663968
-10.631253
-12.360583
-10.865221
-5.433092
1.463880
5.766859
7.475843
8.340508
8.228610
7.801364
6.824802
4.627536
3.630628
5.146335
7.445326
9.530694
10.822604
10.690361
9.337416
4.312188
-4.487047
-8.698473
-4.792223
-0.875801
0.466973
4.983574
11.178643
11.677096
5.166680
-1.394599
-3.744453
-4.497220
-6.908109
-9.349515
-9.156237
-5.992581
-2.137194
-1.292874
-4.507392
-6.826728
-6.023099
-7.304837
-11.048327
-11.078844
-5.138089
2.542168
7.465671
8.371026
7.313083
6.102552
4.057874
1.413018
-0.855456
-2.096504
-0.458727
3.895114
7.597914
8.360853
7.231703
5.949964
5.482028
3.864596
-0.265449
-2.574612
-0.580797
2.989759
6.458591
8.899997
9.032240
7.353773
4.607191
0.171970
-4.873603
-7.538805
-7.610013
-5.728096
-2.808581
-0.163724
1.769056
2.165785
1.321465
0.436455
-0.143379
-0.173896
0.751804
3.081312
5.960137
8.004815
8.462578
8.004815
6.234795
2.369235
-2.676338
-5.829821
-5.738268
-4.863431
-5.036364
-3.317207
1.718194
4.851332
2.867689
-0.438382
-1.923571
-2.889961
-3.734280
-3.245999
-2.106676
-0.326484
2.847344
5.024264
3.467868
0.985772
0.436455
-0.316312
-2.411852
-3.520657
-2.483060
-1.089424
-0.580797
0.711113
3.305108
4.485121
3.406833
2.460788
1.952162
0.894219
0.029554
0.436455
1.799574
2.857516
3.223727
3.162692
2.552341
1.209567
0.680596
0.375420
-0.275622
0.528008
1.992852
1.097669
1.077324
3.345798
3.742526
1.779229
0.131279
-1.618395
-3.469795
-4.619290
-5.972236
-6.775866
-6.470690
-6.379137
-6.623278
-7.050524
-7.732083
-6.663968
-5.107571
-5.758613
-5.290677
-2.900133
-2.177884
-2.249092
-1.170804
-0.529935
-0.357002
0.233005
0.344902
-0.509590
-1.445462
-1.465807
-0.631660
0.263522
-0.102689
-0.885973
-0.428209
0.955254
2.084404
1.819919
1.036634
2.125095
3.834079
2.959242
1.260430
2.328545
4.454603
5.176852
4.810641
4.108737
4.464776
6.977389
11.677096
12.958835
2.694756
-5.433092
6.438246
13.915052
-1.048734
-5.046536
6.977389
2.684583
-4.853258
5.553236
8.971205
-1.414945
-2.045641
2.582858
-1.333564
-4.995674
-1.923571
1.311292
-1.140286
-7.152249
-7.854154
-3.693590
-2.452542
-1.353909
2.725274
3.844251
9.449313
26.691745
39.753268
41.553805
46.212822
47.046970
23.507744
-18.525133
-57.852119
-87.179512
-107.494046
-108.796129
-82.856188
-39.795885
-4.487047
8.350680
7.221530
3.661146
-6.999661
-25.818834
-37.629137
-33.377021
-15.514066
10.608981
33.303887
45.388848
52.377373
57.066908
50.017347
31.259209
14.698337
7.882744
11.493991
26.783298
47.474216
61.451266
62.590589
53.882907
44.666598
35.440117
12.358656
-17.792711
-21.637926
4.688571
26.691745
26.325534
17.414401
9.215345
-0.723213
-13.133695
-25.747627
-32.420804
-26.154528
-7.569323
10.822604
18.024753
15.095065
8.442233
-2.645820
-17.294258
-31.586657
-47.883043
-61.636299
-56.804349
-34.485827
-18.362373
-16.297350
-15.259752
-11.923164
-13.683011
-19.949287
-24.120023
-21.861722
-13.326973
-1.303047
11.178643
23.009291
30.028333
25.023451
9.876559
-3.836006
-10.376940
-16.765286
-24.984687
-25.249173
-11.221260
7.089287
13.782809
7.597914
2.542168
6.072035
8.920342
3.935804
-1.486152
1.931817
12.277276
21.951348
27.342787
27.037611
22.866875
18.909763
14.596611
7.669121
-0.123034
-4.954984
-2.432197
6.367038
9.195000
2.969414
0.263522
1.921644
-2.004951
-7.793118
-9.318997
-13.062487
-15.493721
-4.588773
6.936699
-0.357002
-8.790026
0.497490
4.027357
-11.475573
-17.874092
-8.444160
-9.329170
-16.388903
-10.142972
-1.577705
-0.763903
5.522718
12.836764
6.204277
0.273695
5.990654
0.538180
-18.545478
-23.306221
-12.421618
-7.538805
-10.549873
-12.645413
-10.488838
-3.022204
0.934909
-2.188056
0.731458
6.316175
1.148532
4.505466
22.592217
21.686862
7.374118
17.373711
28.156589
8.523613
-5.097399
6.031345
4.495293
-10.661771
-8.566230
-2.147366
-10.092109
-9.756416
1.443535
-4.598945
-17.945299
-9.624173
0.121107
-10.824531
-13.459215
1.148532
0.965427
-7.081042
3.691664
8.035332
-10.020902
-13.164212
2.664238
0.670423
-9.715726
0.792494
11.331231
3.569593
1.809746
9.113620
0.904391
-10.865221
-5.626370
-2.157539
-9.349515
-4.222562
7.018080
1.799574
-3.693590
4.261325
4.373223
-6.196032
-3.378242
7.679294
6.550143
0.823011
5.217542
12.236585
14.230401
15.044203
12.938490
5.838067
3.396660
9.428968
12.521416
8.584649
4.932712
4.830986
6.499281
5.563408
-2.554267
-10.997464
-10.549873
-8.942614
-11.516263
-8.912096
-2.188056
-2.177884
-2.757718
3.701836
5.024264
-2.279609
-3.652900
0.039727
-3.398587
-5.758613
1.952162
4.658054
-3.317207
-4.069974
2.114922
-3.774971
-13.438870
-8.708646
-2.696683
-7.691393
-7.498115
1.748711
4.230807
1.240085
3.071139
4.902194
2.135267
2.186130
4.708916
2.999932
1.250257
6.651869
9.530694
2.715101
-0.448555
6.285658
8.076022
3.244072
5.278578
9.154310
6.743421
5.868584
8.340508
7.018080
3.315280
2.074232
1.006117
-0.580797
-0.479072
0.517835
-0.387519
-3.134101
-3.764798
-2.615303
-4.853258
-8.189847
-5.066881
-0.316312
-1.760810
-3.459622
0.690768
4.332533
3.060967
1.585951
0.070244
-4.436185
-9.441068
-10.743151
-9.756416
-9.451240
-10.092109
-9.675036
-8.891751
-9.095202
-7.640530
-4.324287
-3.713935
-4.487047
-0.906318
4.007012
4.200290
3.813734
6.265313
6.570488
3.447523
2.481133
4.017184
2.796481
-0.092516
1.107842
4.078220
2.969414
1.290947
4.149427
7.638604
7.781019
7.435153
7.994642
7.333428
7.811537
10.456393
10.517429
7.465671
7.028252
7.953952
4.942884
0.599216
-1.292874
-2.533922
-2.839098
-0.397692
0.426283
-1.608223
-1.272529
2.074232
3.671319
3.050794
2.633721
2.003024
0.670423
-0.784248
-2.106676
-4.049629
-4.476875
-2.767890
-4.059801
-8.403470
-9.491930
-6.958971
-6.562243
-8.952786
-8.952786
-5.789131
-2.483060
-0.845283
-1.465807
-1.669258
1.118014
5.064955
5.492201
3.437350
2.979587
3.539076
2.837171
0.548353
-2.483060
-4.466702
-3.612210
-1.933743
-1.994779
-2.513577
-1.282702
1.697848
4.342705
4.780124
3.732354
4.007012
6.529798
7.852227
6.031345
3.773044
4.281670
5.146335
3.844251
0.863701
-1.964261
-2.706855
-1.140286
-0.652005
-2.462715
-3.266344
-0.896146
1.535088
0.894219
-0.865628
-0.194241
1.728366
1.413018
-0.143379
-0.662178
-0.438382
-0.133206
-0.316312
-1.994779
-4.537910
-5.229642
-3.734280
-2.879788
-3.296862
-2.391507
0.599216
3.417005
4.047702
3.284763
3.020277
4.739434
6.204277
4.210462
-0.061999
-2.147366
-0.163724
0.456800
-3.398587
-6.826728
-6.145169
-4.721015
-4.487047
-5.127917
-6.460517
-4.700670
-0.082344
1.575778
-0.295967
-0.550280
1.789401
3.122002
2.084404
0.395765
0.355075
0.599216
-0.407864
-1.292874
-2.320299
-4.283597
-3.825833
-1.801501
-3.032376
-5.107571
-3.357897
-0.000963
1.616468
1.331638
1.026462
2.562513
4.424085
4.159600
2.135267
0.273695
0.110934
1.921644
2.623548
-0.072171
-2.015124
-0.438382
1.738539
1.474053
0.233005
0.660251
2.786309
4.424085
4.200290
2.959242
2.613376
3.396660
3.620456
1.870781
-1.048734
-2.757718
-1.821846
-1.170804
-4.039456
-8.057604
-8.800198
-6.430000
-4.548083
-5.087226
-5.941719
-5.524645
-3.825833
-2.554267
-3.205309
-4.426012
-4.242907
-3.724108
-4.364977
-5.453437
-6.786038
-7.610013
-6.786038
-6.043444
-7.752428
-9.176582
-7.406562
-4.812568
-4.598945
-5.555163
-4.639635
-1.445462
1.118014
1.463880
1.524916
2.003024
2.888034
3.284763
2.064059
-0.031481
-0.662178
0.049899
0.568698
0.568698
0.873874
2.318373
3.956149
4.729261
5.288750
5.899102
6.814629
7.933607
8.035332
7.028252
6.580661
6.387383
5.512546
4.597018
4.068047
4.118910
4.312188
3.752699
2.511651
2.186130
2.298027
2.247165
2.125095
1.351983
-0.102689
-0.641833
0.212660
0.161797
-1.526842
-2.218574
-0.896146
-1.526842
-4.619290
-5.880683
-6.145169
-7.223457
-4.395495
-1.089424
-8.118639
-14.934232
-5.066881
1.219740
-12.808174
-17.843574
-3.937731
-3.459622
-13.306627
-7.315010
0.802666
-4.375150
-6.470690
-1.496325
-0.967353
-1.160631
1.962334
2.084404
-0.529935
0.263522
3.681491
3.223727
-1.231839
-0.387519
7.211358
9.428968
4.678399
3.386488
5.014092
4.261325
4.373223
5.583753
4.861504
5.197197
7.333428
6.336520
3.386488
3.498386
5.166680
4.637708
3.386488
2.287855
0.466973
-0.021308
2.023369
2.155612
-0.092516
-0.123034
0.782321
-1.323392
-3.357897
-3.093411
-3.846178
-5.616198
-4.792223
-2.116849
-2.554267
-7.121732
-9.980211
-7.742256
-5.056709
-6.368965
-8.657783
-7.905016
-5.239814
-3.083239
-2.137194
-2.666165
-1.994779
0.650078
1.392673
-1.231839
-3.703763
-3.398587
-1.801501
-1.964261
-4.171699
-3.378242
1.331638
3.355970
0.619561
-0.489245
1.138360
1.107842
0.029554
0.639906
1.097669
0.304212
1.545261
4.322360
3.986667
1.524916
1.962334
4.230807
3.376315
0.863701
0.283867
0.161797
0.182142
1.850436
4.179945
4.658054
4.230807
3.406833
2.277682
2.430270
3.884942
3.986667
2.348890
1.087497
1.413018
3.030449
4.210462
3.132175
0.995944
0.578871
1.555433
0.711113
-3.378242
-5.829821
-3.113756
0.212660
0.700941
0.609388
0.182142
-1.292874
-1.577705
-1.577705
-5.249987
-9.135892
-7.223457
-2.299954
-1.292874
-3.937731
-5.331367
-3.479967
-1.089424
0.029554
0.385593
2.328545
4.932712
6.326348
5.258233
3.478041
2.979587
3.172865
1.087497
-5.199124
-12.096097
-12.665758
-7.416735
-5.372057
-8.708646
-10.387112
-6.796211
-2.452542
-3.500312
-8.759508
-11.068672
-4.924466
6.519626
15.013685
15.156100
10.344496
10.456393
17.475436
19.815117
5.624444
-18.260648
-29.277493
-16.256660
4.017184
6.804457
-5.463610
-6.297757
13.416598
28.512627
12.877455
-22.126208
-37.985176
-18.748929
5.471856
2.796481
-14.191637
-9.237617
19.153903
34.758558
18.055270
-7.671048
-10.997464
4.332533
11.514336
1.860609
-3.988594
9.551039
29.387464
33.181817
21.524102
11.900892
9.764662
4.190117
-6.073961
-9.196927
-0.713040
9.815524
13.060560
11.229505
10.008802
8.360853
0.914564
-10.417630
-16.521146
-12.462308
-3.388415
3.203382
4.312188
3.732354
6.082207
7.353773
0.233005
-13.011624
-22.960355
-23.713122
-16.104072
-6.714831
-3.510485
-3.612210
1.199395
9.083102
7.089287
-8.739163
-23.570706
-23.001045
-12.482653
-6.297757
-4.883776
1.026462
12.490899
18.472344
12.338311
-0.367174
-8.779853
-9.430895
-7.233629
-4.832913
0.294040
8.879652
15.390069
15.410414
11.137953
6.133070
0.304212
-6.134997
-10.610908
-9.034167
-0.784248
9.327243
15.827487
16.793877
13.416598
8.055677
2.277682
-2.818753
-7.304837
-7.365872
-1.069079
7.628431
13.202975
14.179538
11.341403
6.784111
1.657158
-5.158434
-13.337145
-16.846667
-13.204902
-6.735176
0.090589
5.105645
4.719089
-0.275622
-4.873603
-9.227445
-13.693183
-15.056302
-11.923164
-4.364977
4.597018
8.533786
6.804457
4.973402
3.478041
-0.458727
-5.931546
-10.814359
-11.353502
-5.138089
2.623548
5.705824
5.990654
6.855319
5.502373
0.161797
-5.901029
-8.067777
-6.847073
-4.202217
-1.058906
3.396660
7.414808
8.248955
7.740329
6.153415
1.494398
-2.910306
-1.211494
3.172865
5.960137
10.893812
15.858005
12.409518
4.871677
3.559421
3.661146
-4.222562
-11.200915
-7.111559
-2.127021
-3.184964
-1.770983
1.880954
-1.353909
-6.755521
-6.674140
-8.016914
-14.466295
-15.147855
-7.111559
-3.225654
-4.364977
-0.275622
4.007012
-0.011136
-3.591865
-2.157539
-3.317207
-5.148262
-2.564440
-1.404772
-2.879788
-1.292874
0.700941
-0.743558
-3.429105
-4.782051
-4.222562
-3.184964
-5.361885
-7.548978
-3.388415
1.474053
-0.224759
-2.727200
0.497490
4.698744
4.556328
2.491305
2.989759
4.027357
2.603203
1.362155
2.094577
2.613376
2.582858
2.928724
1.748711
-0.123034
0.690768
1.697848
-0.458727
-0.835111
1.636813
0.711113
-0.896146
3.528903
6.428073
1.474053
-0.824938
1.097669
-1.404772
-3.785143
0.131279
-0.794420
-6.684313
-3.012031
3.793389
-0.306139
-5.219469
-0.418037
2.694756
0.385593
1.484225
3.030449
-0.936836
-1.272529
2.877861
0.375420
-6.257067
-4.476875
1.331638
0.243177
-4.171699
-4.527737
-3.907213
-3.459622
-0.357002
2.318373
1.382500
1.585951
4.841159
5.543063
1.840264
-0.916491
0.233005
3.305108
4.261325
1.850436
-1.475980
-2.208402
-0.672350
-1.323392
-4.944811
-6.592760
-4.069974
-0.763903
0.263522
0.161797
1.179050
4.098565
5.960137
3.671319
0.934909
1.738539
2.908379
2.460788
2.389580
-0.041654
-3.988594
-1.567532
2.511651
-2.055814
-7.589668
-4.059801
-0.560452
-2.177884
-0.814765
3.681491
4.383395
3.203382
4.057874
0.955254
-5.117744
-2.727200
4.474948
1.026462
-6.531725
-2.249092
3.488213
-1.638740
-4.863431
0.639906
0.599216
-3.368070
0.690768
5.715996
4.129082
5.034437
9.744317
7.709811
0.009209
-2.920478
-1.008043
0.884046
2.623548
2.816826
1.636813
3.742526
5.553236
-1.231839
-8.617093
-5.962064
-1.231839
-2.167711
-2.564440
1.331638
4.647881
5.929619
5.868584
2.053887
-2.940823
-2.208402
2.420098
1.026462
-5.768786
-7.030179
-1.832018
1.077324
-0.438382
-2.900133
-4.242907
-3.805488
-2.554267
-2.472887
-3.378242
-3.876696
-1.954088
2.003024
3.600111
0.263522
-1.201321
2.084404
2.796481
-2.208402
-4.659980
-0.997871
0.833184
-1.618395
-2.696683
-0.936836
2.684583
11.087090
22.836358
29.835055
30.679375
32.663018
30.943861
11.432956
-21.719306
-46.998034
-56.682279
-57.892809
-50.141344
-31.851142
-9.847969
8.177748
15.410414
8.208265
-6.552070
-16.500801
-19.776354
-19.756009
-13.388008
1.016289
15.715589
23.212741
23.528089
17.709404
5.827894
-6.175687
-10.997464
-8.810371
-3.042549
7.140150
19.825290
26.813815
25.389662
18.177341
6.377210
-5.758613
-10.692288
-6.989489
0.945082
11.839857
23.609470
29.336602
24.748792
12.643486
-1.577705
-11.811266
-15.188545
-11.434883
-0.367174
14.566094
25.247246
27.159681
21.666517
11.097263
-2.523750
-14.608711
-20.946195
-22.075345
-18.189440
-8.271227
2.542168
6.407728
1.596123
-9.023994
-19.125312
-23.204495
-22.512764
-16.500801
-5.483955
4.129082
10.090182
14.444024
12.053480
1.931817
-6.816556
-9.766588
-8.739163
-4.812568
-0.855456
1.921644
6.601006
9.540866
4.129082
-6.012926
-13.530423
-16.409248
-13.713529
-6.043444
2.593031
9.622246
14.016777
13.925225
10.324151
6.936699
3.315280
-0.336657
1.189222
9.530694
18.329929
22.114108
20.455986
17.017673
13.711602
7.852227
-1.343737
-7.610013
-8.179674
-5.453437
-0.977526
1.840264
-0.011136
-3.581693
-5.270332
-8.291572
-12.411445
-12.757311
-10.041247
-6.897936
-2.452542
0.853529
0.070244
-1.659085
-2.991686
-5.829821
-8.179674
-6.938626
-2.900133
2.430270
7.414808
8.767754
6.682386
3.406833
-1.170804
-6.765693
-9.329170
-7.905016
-3.897041
-0.357002
-0.000963
-1.842191
-2.381334
-2.757718
-4.039456
-3.754626
-0.713040
3.773044
8.014987
10.761569
12.379001
13.742119
14.118503
11.768649
6.509453
2.247165
2.155612
3.447523
3.315280
2.308200
0.731458
-1.313219
-3.123929
-6.572415
-12.024889
-14.832506
-11.974027
-7.121732
-3.184964
-1.384427
-0.936836
-1.170804
-2.177884
-5.097399
-7.518460
-6.694486
-3.408760
-0.418037
1.738539
3.111830
3.122002
2.654066
1.087497
-2.513577
-4.985501
-3.713935
-1.170804
0.192315
0.985772
2.145440
2.847344
1.677503
-1.760810
-4.609118
-4.924466
-3.439277
-1.150459
1.067152
2.867689
5.624444
7.821709
5.939792
1.921644
1.799574
5.410820
9.062757
11.575371
13.854017
16.020765
18.116305
17.495781
11.636406
3.233900
-1.628568
-0.875801
1.728366
0.487318
-0.906318
3.406833
6.244968
0.192315
-6.572415
-8.250882
-9.105374
-9.217272
-6.002754
-2.279609
1.229912
6.936699
9.551039
4.688571
-1.598050
-3.927558
-5.168607
-7.945706
-8.901924
-5.951891
-1.496325
0.487318
-1.455635
-4.853258
-7.732083
-10.214180
-10.285387
-7.528633
-5.372057
-2.544095
3.895114
9.428968
8.859307
6.010999
4.291843
3.406833
2.877861
2.989759
4.159600
6.570488
9.032240
9.703626
6.834974
1.321465
-1.862536
-1.343737
-2.228747
-3.937731
-1.404772
2.562513
3.884942
3.854424
2.135267
-2.218574
-4.975329
-5.107571
-7.386217
-10.427803
-8.535713
-3.307034
-1.537015
-3.347724
-4.405667
-4.303942
-3.866523
-2.747545
-2.269437
-3.276517
-2.818753
0.792494
4.383395
3.722181
-0.336657
-2.615303
-1.242012
0.141452
-0.601142
-1.628568
-0.804593
1.789401
4.007012
2.786309
-0.102689
-0.814765
1.413018
2.735446
1.463880
0.507663
3.071139
6.529798
6.082207
2.938897
2.247165
3.325453
2.420098
0.507663
0.100762
-0.072171
0.080417
1.616468
1.280775
-1.374254
-2.065986
-0.784248
-1.109769
-2.452542
-2.879788
-1.262357
1.423190
2.318373
0.619561
-1.537015
-2.839098
-3.408760
-4.120836
-4.954984
-4.324287
-1.119941
2.003024
2.104749
0.924736
0.639906
0.751804
-0.509590
-1.842191
-1.832018
-1.262357
0.080417
1.179050
0.751804
-0.234931
-0.621487
-1.180976
-2.635648
-3.398587
-2.249092
-1.038561
-1.801501
-1.689603
0.711113
1.880954
0.558526
0.090589
-0.397692
-2.310127
-3.408760
-1.811673
0.294040
0.680596
0.192315
0.629733
1.240085
0.924736
0.538180
0.294040
-0.102689
1.260430
3.823906
3.671319
1.524916
1.067152
2.379408
1.819919
-0.082344
0.934909
6.407728
11.982272
15.552829
18.390964
20.354261
17.139743
7.455498
-5.453437
-18.769274
-30.254056
-35.899808
-32.380114
-21.180163
-8.088122
2.308200
9.510348
15.420586
17.302503
9.286553
-6.714831
-22.604316
-32.420804
-36.754300
-36.113431
-27.375231
-11.658678
2.389580
8.035332
8.147230
6.702731
2.674411
-4.436185
-10.336250
-9.237617
-1.119941
9.347588
17.933200
23.172051
24.402927
21.432549
13.803154
4.169772
-2.259264
-3.815661
-2.462715
2.206475
9.917249
17.078708
21.412204
21.056166
16.590427
9.276380
1.270602
-2.981514
-0.173896
5.899102
9.998630
12.989352
15.074720
12.236585
3.508558
-7.030179
-14.252672
-15.798896
-14.323880
-12.024889
-6.368965
2.704929
9.123792
8.025160
1.036634
-7.009834
-13.916979
-19.623766
-22.777249
-19.471178
-9.573310
-0.367174
2.776136
1.657158
-0.560452
-4.181872
-10.499010
-16.480456
-17.253568
-11.556953
-3.703763
3.498386
10.649671
15.776624
14.800062
8.279473
0.405938
-6.511380
-10.204007
-7.996569
-1.333564
6.672214
13.803154
17.363539
15.206963
9.866387
4.556328
-1.079251
-5.860338
-5.433092
0.395765
6.906182
11.707614
15.288343
16.559909
13.386081
5.075127
-4.985501
-10.916084
-10.326077
-5.870511
-0.550280
3.956149
6.946872
6.824802
2.328545
-5.229642
-12.004544
-15.758206
-16.297350
-14.130602
-9.471585
-3.113756
2.857516
6.519626
6.244968
0.955254
-6.928454
-12.187650
-12.808174
-10.600736
-7.030179
-1.943916
4.800469
9.835869
7.241875
-0.346829
-4.019111
-3.012031
-3.408760
-3.836006
0.161797
7.414808
14.169365
16.743014
14.037123
9.388278
5.888929
2.847344
-1.262357
-4.354805
-1.252184
6.519626
11.005710
9.846042
7.923434
6.489108
3.193210
-0.275622
-2.798408
-5.127917
-4.609118
-0.173896
3.284763
2.033542
-1.079251
-2.950996
-3.734280
-5.921374
-10.682116
-14.232327
-12.798001
-7.823636
-3.418932
-1.943916
-2.584785
-2.188056
-1.659085
-4.202217
-8.617093
-10.204007
-6.989489
-2.127021
-0.621487
-1.832018
-0.499417
3.294935
4.525811
1.209567
-2.340644
-2.401680
-0.428209
0.914564
0.884046
1.209567
2.765964
5.848239
7.852227
6.397555
4.139255
4.719089
6.133070
6.845147
7.129977
6.885837
7.933607
10.517429
10.873467
7.903089
5.359958
5.522718
6.153415
4.719089
2.552341
3.010104
5.899102
7.658949
6.061862
3.539076
3.284763
4.068047
2.074232
-2.055814
-4.395495
-3.490140
-2.574612
-3.571520
-5.422920
-6.023099
-4.832913
-3.805488
-4.548083
-6.847073
-7.671048
-6.358792
-5.311022
-5.829821
-6.185859
-5.249987
-3.663073
-2.869616
-3.490140
-4.690498
-4.344632
-2.523750
-1.821846
-3.062894
-4.456530
-3.479967
-0.997871
0.324557
-0.621487
-1.160631
1.219740
4.434258
5.359958
4.942884
5.858412
8.228610
9.998630
9.408623
7.384291
6.468763
6.936699
6.499281
4.240980
2.806654
3.905287
5.237888
4.312188
3.193210
2.359063
0.243177
-0.835111
0.599216
-0.997871
-5.026191
-4.659980
-2.004951
-1.821846
-4.029284
-6.663968
-7.284492
-6.277412
-7.009834
-10.560045
-13.326973
-11.729886
-6.277412
-4.222562
-7.579495
-7.793118
-2.818753
-0.601142
-1.832018
-1.933743
-1.313219
0.233005
3.203382
3.528903
0.304212
-0.601142
1.413018
2.847344
3.060967
3.956149
4.017184
2.308200
3.193210
7.140150
8.025160
5.441338
4.515638
4.007012
2.786309
4.159600
6.590833
6.367038
5.929619
5.949964
3.945977
2.521823
3.223727
2.735446
0.487318
-0.936836
-0.397692
-0.011136
-1.740465
-3.622383
-2.788236
-1.414945
-2.188056
-3.785143
-4.476875
-4.222562
-2.778063
-2.279609
-4.069974
-5.687405
-5.229642
-4.283597
-4.100491
-5.087226
-5.799303
-4.192044
-2.594958
-3.571520
-4.232734
-2.564440
-0.947008
-1.170804
-2.279609
-2.635648
-1.984606
-1.140286
-0.580797
-0.590970
-1.099596
-0.051826
2.196302
2.043714
0.161797
0.405938
1.728366
1.535088
1.199395
1.738539
2.633721
2.755791
2.643893
3.294935
4.179945
4.037529
3.610283
3.050794
1.565606
0.151624
0.945082
2.796481
2.287855
-0.702868
-2.106676
0.833184
3.376315
-0.234931
-5.901029
-4.924466
1.016289
1.545261
-4.405667
-5.911201
-1.180976
0.233005
-2.900133
-3.836006
-2.615303
-3.439277
-4.822741
-3.937731
-4.385322
-6.409655
-3.357897
1.850436
-0.153551
-4.649808
-2.065986
0.823011
-1.720120
-2.594958
0.863701
2.908379
1.860609
-0.448555
-1.709948
0.955254
3.935804
2.206475
0.049899
2.043714
4.068047
2.704929
1.087497
0.650078
-0.021308
-0.438382
1.321465
2.837171
1.128187
0.456800
2.654066
3.376315
2.654066
3.701836
2.633721
-1.577705
-0.194241
5.003919
2.511651
-3.886868
-2.727200
1.179050
-0.519762
-3.754626
-3.449450
-1.954088
-0.641833
-0.540107
-2.452542
-3.490140
-1.954088
-1.099596
-2.340644
-2.961168
-2.106676
-1.038561
0.212660
-0.407864
-3.368070
-3.530830
-0.631660
-1.303047
-4.141181
-3.184964
-0.194241
-0.255277
-1.893053
-2.564440
-2.004951
-0.489245
0.517835
-0.194241
-0.855456
1.077324
3.640801
2.694756
-1.231839
-2.432197
0.700941
2.715101
1.229912
-0.550280
-2.218574
-1.709948
2.613376
4.098565
-1.547187
-4.222562
0.517835
3.050794
0.517835
-0.397692
0.416110
0.985772
3.244072
3.640801
-1.333564
-4.222562
-0.377347
3.264417
2.440443
1.026462
1.718194
3.233900
4.200290
3.081312
-0.326484
-1.465807
2.094577
4.179945
1.758884
1.260430
4.576673
5.125990
1.392673
-0.926663
-0.194241
0.884046
1.250257
1.290947
0.151624
-0.387519
2.359063
4.881849
2.704929
-0.743558
-0.173896
2.033542
1.718194
-0.112861
-1.730293
-2.900133
-1.526842
1.240085
-0.428209
-5.219469
-4.232734
0.100762
-0.519762
-3.388415
-3.754626
-3.286689
-1.821846
0.171970
-1.292874
-2.818753
0.456800
2.409925
0.049899
-0.947008
0.304212
1.138360
1.626641
0.975599
1.107842
3.712009
3.345798
-0.814765
-2.137194
0.344902
1.209567
-0.245104
-1.252184
0.009209
2.521823
3.630628
1.860609
0.741631
1.708021
2.694756
2.816826
3.162692
2.470960
0.375420
-0.275622
0.843356
0.314385
-1.994779
-3.795316
-4.873603
-4.822741
-3.052721
-2.839098
-4.131009
-2.472887
0.985772
1.453708
-0.855456
-2.676338
-1.669258
0.945082
1.616468
-0.885973
-1.862536
0.650078
2.074232
0.629733
-1.740465
-2.971341
-1.669258
0.731458
0.741631
-0.479072
0.497490
2.247165
3.223727
2.938897
0.619561
-0.824938
0.619561
1.148532
-1.109769
-2.432197
-1.435290
-0.245104
-0.123034
-1.750638
-2.971341
-1.720120
0.151624
0.497490
-0.011136
-0.397692
0.884046
2.867689
2.236992
-0.112861
-1.272529
-0.550280
-0.377347
-1.872708
-3.256172
-2.635648
-1.547187
-1.821846
-2.472887
-3.052721
-2.788236
-0.204414
3.264417
2.745619
-0.479072
-0.580797
2.206475
3.122002
1.565606
0.263522
1.250257
2.196302
0.884046
-0.336657
-0.234931
-0.529935
-0.163724
1.463880
0.416110
-1.720120
0.548353
3.264417
0.934909
-1.058906
1.351983
2.837171
0.212660
-2.076159
-1.679430
-0.275622
0.578871
-0.194241
-1.964261
-2.208402
-1.811673
-3.490140
-5.107571
-2.544095
0.660251
-0.061999
-1.842191
-1.781155
-2.808581
-4.192044
-3.856351
-3.622383
-3.805488
-2.432197
-1.180976
-2.340644
-3.744453
-2.594958
-0.397692
-1.038561
-2.188056
-0.489245
1.118014
-0.133206
-0.428209
1.433363
1.362155
-1.058906
-1.638740
0.233005
1.362155
0.314385
-1.242012
-1.099596
-0.306139
0.578871
1.189222
0.568698
0.039727
0.660251
1.911471
2.440443
1.789401
1.819919
2.979587
3.010104
1.545261
1.474053
2.694756
2.867689
2.216647
1.708021
1.911471
1.982679
1.657158
0.639906
-0.163724
0.182142
1.077324
0.589043
-1.475980
-2.360989
-1.018216
-0.824938
-2.655993
-2.900133
-0.214586
1.311292
0.009209
-1.018216
-0.224759
-0.641833
-1.353909
0.294040
1.596123
-0.906318
-2.076159
0.690768
-0.224759
-5.077054
-3.683418
1.097669
-0.743558
-3.754626
-0.061999
1.362155
-2.249092
-1.150459
2.430270
0.212660
-2.717028
-1.353909
-0.265449
0.365248
1.748711
1.636813
0.792494
1.596123
0.009209
-4.293769
-4.466702
0.538180
2.348890
-0.692695
-1.252184
1.555433
2.247165
0.670423
-0.529935
-1.689603
-1.760810
0.253350
1.413018
-0.407864
-1.099596
1.982679
3.956149
1.331638
-1.537015
-1.618395
0.182142
0.761976
0.263522
-0.580797
0.233005
1.952162
2.165785
1.056979
-0.326484
-0.316312
2.074232
3.722181
1.280775
-1.333564
1.036634
4.485121
1.524916
-4.171699
-4.578600
-2.238919
-2.391507
-3.357897
-3.052721
-1.781155
0.812839
2.450615
0.731458
-1.089424
1.290947
4.769951
3.366143
-0.143379
-0.092516
2.155612
2.521823
1.962334
0.751804
-0.906318
1.067152
4.373223
2.684583
-0.672350
0.833184
5.298923
6.326348
2.837171
-0.336657
1.474053
4.912367
3.895114
0.721286
-0.295967
-0.123034
0.507663
0.578871
-1.638740
-4.344632
-3.795316
-1.211494
-0.702868
-2.574612
-3.174792
-1.364082
-0.428209
-1.455635
-2.778063
-2.818753
-1.231839
-0.418037
-2.086331
-4.069974
-3.062894
-0.275622
0.660251
-0.753730
-1.598050
3.305108
14.698337
26.559502
31.228692
26.600192
18.574069
12.470554
6.753594
-2.432197
-12.747139
-20.030667
-21.068265
-12.157132
1.850436
5.105645
-6.297757
-18.230130
-19.379626
-12.319892
-10.794014
-27.273506
-47.649075
-42.776435
-15.564928
0.263522
-9.186754
-22.858629
-14.913887
9.642591
19.164076
4.088392
-9.502103
0.151624
21.422376
29.000908
17.383884
8.320163
17.251641
30.547132
29.295912
18.869072
13.508151
16.681979
20.974785
18.899590
13.080905
9.174655
6.255140
4.647881
6.041517
6.000827
3.834079
3.284763
3.610283
4.525811
6.682386
6.550143
2.104749
-2.503405
-4.212389
-4.161527
-5.392402
-9.064684
-10.956774
-9.023994
-7.213284
-6.684313
-6.124824
-7.243802
-7.691393
-5.249987
-4.507392
-9.013821
-13.754219
-13.265937
-7.508288
-3.062894
-3.622383
-4.649808
-2.920478
-1.170804
-1.343737
-2.360989
-4.141181
-5.168607
-3.825833
-2.137194
-1.618395
-0.529935
2.196302
4.902194
5.390475
3.915459
2.715101
1.199395
-2.706855
-4.710843
0.039727
6.255140
7.455498
5.797376
6.499281
8.096367
7.709811
5.848239
4.535983
3.762871
4.454603
6.692559
8.187920
7.221530
5.359958
4.769951
4.413913
2.165785
-2.676338
-7.070869
-6.684313
-3.520657
-2.523750
-3.937731
-4.904121
-5.443265
-7.660876
-11.719713
-14.649401
-14.944404
-13.937324
-12.370755
-10.285387
-7.782946
-3.998766
-1.832018
-5.127917
-9.318997
-8.301745
-6.460517
-7.854154
-8.433987
-6.104479
-3.022204
-0.000963
2.094577
1.901299
0.558526
0.365248
1.453708
3.183037
5.105645
7.262220
9.469658
10.242770
9.561211
9.530694
10.659844
10.842949
9.652764
9.337416
9.947767
10.100355
10.069837
9.652764
7.943779
5.939792
5.370130
4.678399
1.901299
-0.713040
-1.170804
-0.580797
-1.231839
-2.798408
-3.907213
-4.426012
-5.321195
-7.742256
-10.478665
-11.007637
-9.705553
-8.759508
-8.922269
-9.125719
-7.843981
-5.575508
-5.819648
-7.874499
-7.782946
-5.829821
-4.731188
-4.507392
-4.181872
-2.961168
-0.265449
1.423190
0.009209
-2.096504
-1.943916
-0.682523
-0.000963
-0.367174
-1.069079
-1.180976
-0.214586
1.687676
2.776136
2.226820
3.172865
6.265313
8.055677
7.394463
6.265313
6.000827
6.316175
5.970309
4.352878
2.623548
2.806654
4.363050
4.393568
2.643893
1.779229
2.989759
4.312188
3.223727
0.355075
-0.255277
1.423190
1.524916
-0.967353
-2.137194
-1.333564
-0.387519
-0.977526
-3.032376
-4.883776
-4.944811
-3.795316
-2.849271
-2.869616
-3.602038
-3.134101
-1.811673
-2.167711
-4.782051
-5.758613
-3.724108
-0.702868
-0.357002
-2.360989
-2.269437
0.151624
0.324557
-1.862536
-3.134101
-2.025296
-0.377347
0.833184
0.823011
0.171970
2.247165
6.743421
7.679294
4.139255
2.725274
5.715996
7.241875
5.736341
5.003919
5.990654
7.007907
7.191013
5.176852
2.114922
1.667331
3.793389
4.627536
3.335625
2.145440
3.183037
5.207370
5.888929
4.261325
2.155612
1.270602
3.091485
4.749606
2.918552
-0.672350
-1.231839
1.463880
1.046807
-3.978421
-6.745348
-5.097399
-4.202217
-5.728096
-6.694486
-5.300849
-3.836006
-4.873603
-6.440172
-6.653795
-7.203112
-6.867418
-4.385322
-4.436185
-6.552070
-4.771878
-0.662178
-0.479072
-2.513577
-1.669258
0.477145
1.107842
1.636813
2.348890
2.501478
4.810641
8.604994
8.421888
5.237888
4.535983
5.380303
4.810641
5.258233
6.550143
5.838067
6.010999
7.424981
5.909274
2.074232
1.341810
3.874769
4.749606
2.837171
1.962334
3.701836
5.400648
5.390475
4.586846
3.874769
3.478041
4.027357
3.406833
-0.336657
-3.154446
-1.475980
0.080417
-2.757718
-6.287584
-5.921374
-3.774971
-3.347724
-4.629463
-5.290677
-3.785143
-2.086331
-1.557360
-2.137194
-3.012031
-3.235827
-2.238919
-1.933743
-3.561348
-4.568428
-3.073066
-1.252184
-1.079251
-1.730293
-1.130114
0.049899
0.385593
-0.041654
-1.119941
-2.371162
-2.320299
-0.936836
-0.519762
-1.659085
-1.048734
1.006117
1.718194
1.158705
1.362155
2.552341
3.417005
3.722181
3.539076
2.837171
2.796481
3.712009
3.884942
2.053887
0.385593
0.945082
2.175957
1.748711
0.446628
0.171970
0.273695
0.263522
0.222832
-0.468900
-1.211494
-0.428209
0.294040
-1.099596
-3.022204
-3.398587
-2.940823
-2.462715
-3.062894
-4.548083
-5.117744
-4.690498
-3.642728
-2.381334
-2.269437
-2.157539
-1.008043
0.049899
-0.448555
-1.333564
-1.262357
-0.763903
-0.814765
-1.150459
-0.987698
-0.224759
0.233005
0.049899
-0.285794
-0.275622
0.314385
0.599216
0.171970
-0.153551
0.283867
1.158705
2.094577
2.013197
1.575778
2.135267
2.755791
1.626641
-0.519762
-1.913398
-2.015124
-1.526842
-0.713040
-0.051826
0.222832
1.321465
3.213555
3.986667
3.630628
2.491305
1.779229
1.931817
1.646986
-0.234931
-1.475980
-1.231839
-1.140286
-1.781155
-2.788236
-3.113756
-2.910306
-3.449450
-4.161527
-3.612210
-2.360989
-1.394599
-0.774075
-0.997871
-1.618395
-0.540107
0.568698
-0.458727
-1.425117
0.090589
1.148532
0.263522
-1.272529
-1.628568
-0.357002
0.314385
0.202487
0.660251
1.860609
2.175957
1.697848
1.128187
0.355075
0.049899
0.639906
0.823011
-0.336657
-0.936836
0.100762
0.782321
-0.163724
-1.089424
-1.567532
-2.055814
-2.472887
-2.065986
-1.486152
-1.923571
-2.116849
-0.865628
-0.519762
-2.086331
-2.584785
-1.750638
-2.025296
-3.500312
-4.019111
-2.818753
-1.292874
-0.824938
-1.384427
-1.943916
-1.191149
-0.204414
-0.194241
-1.394599
-2.422025
-2.340644
-0.997871
0.161797
-0.285794
-0.550280
1.474053
3.172865
2.216647
1.138360
1.463880
2.582858
2.888034
2.003024
0.833184
0.711113
1.474053
2.084404
0.426283
-2.279609
-1.852363
1.240085
2.064059
0.070244
-0.387519
1.453708
2.888034
2.175957
0.395765
-0.133206
0.914564
1.748711
0.751804
-1.455635
-2.228747
-0.407864
0.558526
-1.567532
-3.479967
-2.371162
-0.072171
0.680596
-1.018216
-2.462715
-0.977526
1.148532
0.741631
-1.832018
-2.930651
-1.445462
0.375420
-0.265449
-2.381334
-2.798408
-0.692695
0.894219
-0.357002
-2.666165
-2.900133
-0.865628
0.955254
0.009209
-1.709948
-0.987698
1.118014
1.372328
-0.387519
-2.299954
-2.330472
0.080417
2.053887
0.700941
-0.763903
1.667331
4.586846
2.450615
-2.615303
-3.398587
0.904391
5.339613
7.170667
1.870781
-8.118639
-3.774971
10.832777
4.942884
-9.441068
-1.099596
7.760674
-1.170804
-3.327379
3.396660
1.168877
-0.967353
2.745619
0.487318
-3.510485
0.466973
4.464776
1.362155
-3.134101
-1.537015
3.813734
2.104749
-3.825833
-0.021308
5.919447
0.375420
-5.860338
-3.439277
-0.306139
1.433363
1.941989
-2.442370
-4.415840
3.203382
9.083102
3.905287
-2.676338
-2.310127
1.931817
6.906182
13.304701
20.140638
26.030531
33.415785
39.509128
35.979261
18.980970
-7.101387
-33.814440
-53.437243
-60.425768
-54.739326
-39.317777
-20.813952
-5.422920
2.684583
-2.371162
-16.653389
-26.897122
-32.349596
-39.846748
-43.356269
-34.994453
-19.135485
-1.557360
12.806247
18.451999
16.631117
14.789889
13.314873
8.584649
2.277682
1.311292
10.547946
25.745700
37.566175
43.293307
45.571953
42.326917
31.900078
18.309583
8.604994
7.180840
14.759372
24.301201
27.190199
26.142429
25.633802
20.893405
10.670016
2.593031
-2.096504
-6.663968
-8.912096
-4.924466
3.345798
9.072930
8.645684
6.010999
1.911471
-9.176582
-24.160713
-32.054593
-31.373034
-25.961250
-16.622871
-6.379137
0.772149
4.118910
2.684583
-4.273424
-14.486640
-22.024482
-24.008125
-22.706042
-17.935127
-6.389310
6.570488
13.447116
12.958835
5.400648
-5.778958
-14.313708
-19.328763
-21.780342
-16.449938
-2.727200
9.886732
15.308688
14.749199
9.683281
0.497490
-9.329170
-13.001452
-9.359687
-3.418932
6.122897
23.283949
37.474623
39.051364
33.446302
25.450697
13.386081
2.186130
-2.483060
-0.234931
8.147230
19.743910
26.132256
24.504652
18.319756
6.936699
-10.224352
-25.645902
-29.775947
-21.505683
-7.955879
3.111830
10.527601
15.512139
14.566094
4.363050
-10.855049
-23.886055
-29.480944
-27.070055
-18.759101
-6.480862
6.672214
15.064548
14.393161
5.685479
-6.338447
-18.433581
-26.032458
-24.872790
-15.391995
-2.523750
7.119805
10.110527
8.635511
4.322360
-5.941719
-16.683906
-17.813056
-11.821439
-5.748441
3.345798
17.699232
28.848320
31.554212
26.579847
15.837660
5.268405
3.152520
7.313083
9.754489
11.839857
19.011488
26.000013
22.561699
11.066745
1.240085
-6.775866
-14.384915
-16.266833
-12.909899
-9.044339
-2.828926
3.549248
3.518731
-2.574612
-8.891751
-14.649401
-18.962552
-18.901517
-15.198717
-10.214180
-4.120836
1.433363
1.545261
-3.429105
-6.501208
-5.382230
-5.677233
-8.830716
-9.634346
-3.734280
5.054782
7.842054
4.291843
1.158705
0.090589
-3.988594
-10.214180
-11.862129
-6.491035
0.202487
4.088392
5.207370
4.586846
4.037529
4.942884
5.604098
5.064955
7.221530
12.399346
15.074720
12.389173
9.652764
9.876559
8.950860
4.851332
1.616468
0.416110
-0.255277
0.477145
0.741631
-2.544095
-4.181872
-2.177884
-2.961168
-7.192939
-8.311917
-4.670153
0.263522
2.684583
1.036634
-1.862536
-2.849271
-2.920478
-5.443265
-9.400377
-10.173489
-5.534818
-1.740465
-4.517565
-9.868314
-11.862129
-11.363675
-11.546780
-12.706448
-13.001452
-10.092109
-4.517565
0.426283
1.697848
1.026462
1.453708
2.379408
1.077324
-1.516670
-2.655993
-1.333564
3.233900
10.405531
12.521416
7.882744
5.309095
6.641696
4.658054
1.250257
2.725274
8.157402
12.073825
12.226413
11.056572
11.666924
11.280368
8.106540
5.665134
4.261325
2.186130
3.854424
7.770846
5.766859
1.351983
3.091485
5.370130
0.619561
-6.267239
-7.823636
-3.774971
1.840264
3.488213
0.477145
-0.824938
0.538180
-2.127021
-9.268135
-12.665758
-11.353502
-10.732978
-10.529528
-9.410550
-9.919176
-10.712633
-7.742256
-5.758613
-8.200019
-9.288480
-6.267239
-2.961168
-1.414945
-0.926663
-0.641833
0.558526
1.809746
1.402845
-1.598050
-5.453437
-3.734280
1.880954
0.324557
-5.260159
-0.672350
8.248955
6.834974
1.463880
3.162692
7.424981
8.727064
10.080010
12.429863
12.663832
11.453301
11.900892
10.792087
5.583753
1.972507
3.325453
3.386488
0.629733
-0.570625
0.446628
0.772149
1.270602
3.701836
4.485121
1.199395
-1.720120
1.046807
5.075127
3.905287
1.056979
1.240085
0.955254
-2.401680
-5.850166
-7.681221
-9.064684
-9.756416
-9.359687
-6.979316
-4.751533
-5.392402
-5.941719
-4.375150
-4.110664
-4.446357
-2.452542
-0.855456
-1.923571
-1.659085
0.151624
0.243177
-1.872708
-3.296862
-2.350817
-1.872708
-3.368070
-3.846178
-2.523750
-1.374254
0.416110
2.949069
3.325453
1.687676
1.535088
4.220635
7.129977
7.709811
6.814629
7.374118
8.818617
7.781019
4.546156
1.789401
0.487318
0.782321
1.565606
0.660251
-1.638740
-2.452542
-0.204414
1.535088
0.009209
-1.465807
0.039727
2.196302
2.888034
2.867689
3.060967
2.552341
0.416110
-2.004951
-4.476875
-6.979316
-7.976224
-5.717923
-3.439277
-4.639635
-6.084134
-4.629463
-2.940823
-3.337552
-4.212389
-3.490140
-2.116849
-1.231839
-0.397692
0.436455
0.212660
-0.580797
-1.170804
-2.513577
-4.008939
-3.479967
-2.147366
-2.594958
-2.849271
-0.438382
2.470960
2.379408
0.049899
-0.509590
1.738539
3.996839
3.996839
3.457695
3.579766
2.847344
2.104749
2.613376
2.236992
0.233005
-0.885973
-0.112861
0.873874
0.548353
-0.428209
0.182142
1.646986
1.250257
0.416110
1.016289
0.578871
-0.519762
0.456800
2.226820
2.308200
2.074232
1.758884
0.833184
-0.377347
-1.638740
-2.828926
-3.836006
-4.883776
-4.771878
